Fecha,Año,Activo,Retorno_raw,Retorno_%,Decision,Mu_esperado,Sigma_incertidumbre,UCB_score
2016-01-01,2016,EVRG,-0.0075454110974616,-0.75%,❌ mala,0.0,3.99996657971969,7.99993315943938
2016-01-08,2016,OKE,-0.0481558756120266,-4.82%,❌ mala,-0.0070712494350822,1.0341273918212004,2.0611835342073186
2016-01-15,2016,NEE,0.0127305093061498,1.27%,✅ buena,-0.0254111754385985,0.7294094337741408,1.433407692109683
2016-01-22,2016,TRGP,0.1427288499200607,14.27%,✅ buena,-0.0177456026550326,0.6422514949753464,1.26675738729566
2016-01-29,2016,TRGP,0.0151314461280114,1.51%,✅ buena,0.0298266821608093,0.5572335926568351,1.1442938674744796
2016-02-05,2016,ED,-0.0091215157349856,-0.91%,❌ mala,0.0177077971190237,0.5173729473220731,1.05245369176317
2016-02-12,2016,XEL,0.0131376868589367,1.31%,✅ buena,0.0116087694377492,0.4662067830680602,0.9440223355738696
2016-02-19,2016,OKE,0.113746105008917,11.37%,✅ buena,0.0211530831709115,0.4317651091999533,0.8846833015708183
2016-02-26,2016,DUK,0.0153989486418566,1.54%,✅ buena,0.0188876240819333,0.4280519658504141,0.8749915557827616
2016-03-04,2016,CTRA,0.0228224673684127,2.28%,✅ buena,0.0353803704307244,0.3865641347078943,0.8085086398465131
2016-03-11,2016,CMS,0.0078068431719835,0.78%,✅ buena,0.0186203960134008,0.3770728376134391,0.7727660712402791
2016-03-18,2016,TRGP,-0.056470582057568,-5.65%,❌ mala,0.0289555429177122,0.3972284477476188,0.8234124384129499
2016-03-25,2016,CTRA,0.0245790199491167,2.46%,✅ buena,0.0195691634477971,0.3554842530021849,0.730537669452167
2016-04-01,2016,ED,-0.0123392473934214,-1.23%,❌ mala,0.0108447698193351,0.355032777536786,0.7209103248929072
2016-04-08,2016,CTRA,-0.0191655223212845,-1.92%,❌ mala,0.0244634842019848,0.3325579444326744,0.6895793730673336
2016-04-15,2016,CTRA,0.0099869567380519,1.00%,✅ buena,0.0210148285567131,0.3288972417784864,0.6788093121136861
2016-04-22,2016,CTRA,0.0060191385246317,0.60%,✅ buena,0.302453612027102,0.3031768655853704,0.9088073431978428
2016-04-29,2016,OKE,0.1001383438742284,10.01%,✅ buena,0.4817854694644253,0.2764720984624688,1.034729666389363
2016-05-06,2016,TRGP,0.0244998940606568,2.45%,✅ buena,0.4555276627468978,0.2682114284568214,0.9919505196605406
2016-05-13,2016,WMB,0.1447028677204449,14.47%,✅ buena,0.6082755731325192,0.2481197719440525,1.1045151170206244
2016-05-20,2016,TRGP,-0.0312925778263295,-3.13%,❌ mala,0.6239981408572335,0.2555734081053335,1.1351449570679004
2016-05-27,2016,TRGP,0.0234082379000315,2.34%,✅ buena,0.7246717227508874,0.2538570441952095,1.2323858111413064
2016-06-03,2016,TRGP,-0.069075960776559,-6.91%,❌ mala,0.7609703098460534,0.2304308009032246,1.2218319116525027
2016-06-10,2016,TRGP,0.0191645014306127,1.92%,✅ buena,0.7555218907206691,0.2229679175160673,1.201457725752804
2016-06-17,2016,TRGP,-0.0094019233842963,-0.94%,❌ mala,0.7717193839989521,0.2187672825395368,1.209253949078026
2016-06-24,2016,TRGP,0.0382089454204839,3.82%,✅ buena,0.7766337319037127,0.2165100903667217,1.209653912637156
2016-07-01,2016,WMB,0.0209147593132201,2.09%,✅ buena,0.742520759677037,0.2103769483534102,1.1632746563838576
2016-07-08,2016,TRGP,-0.0033072042872445,-0.33%,❌ mala,0.7199129185685114,0.2030504050843994,1.1260137287373102
2016-07-15,2016,WMB,0.046075521101998,4.61%,✅ buena,0.686202061160452,0.1964843974119572,1.0791708559843665
2016-07-22,2016,TRGP,-0.0529422157926784,-5.29%,❌ mala,0.6500404990439633,0.1857785933120906,1.0215976856681446
2016-07-29,2016,TRGP,0.1084275525203193,10.84%,✅ buena,0.5965383941460346,0.1849767441609384,0.9664918824679116
2016-08-05,2016,TRGP,0.0276027654735033,2.76%,✅ buena,0.5607993064671744,0.1833312924026262,0.9274618912724268
2016-08-12,2016,TRGP,0.0348723101172463,3.49%,✅ buena,0.5080547356948947,0.1866568196353067,0.8813683749655082
2016-08-19,2016,FCX,-0.0902255202138372,-9.02%,❌ mala,0.5291431478112898,0.1877293024291456,0.9046017526695812
2016-08-26,2016,AMD,-0.0208604753351475,-2.09%,❌ mala,0.459667328265154,0.194839669824728,0.8493466679146102
2016-09-02,2016,DHR,-0.0513608731271783,-5.14%,❌ mala,0.4359370301490954,0.196565608477079,0.8290682471032536
2016-09-09,2016,DHR,-0.0058425474790415,-0.58%,❌ mala,0.4641019984379473,0.1820883392100735,0.8282786768580944
2016-09-16,2016,AMD,0.0826446254936841,8.26%,✅ buena,0.4464951906217677,0.1808596265055385,0.8082144436328447
2016-09-23,2016,AMD,0.0549617780449036,5.50%,✅ buena,0.4537690403416343,0.1784361284766512,0.8106412972949368
2016-09-30,2016,DHR,-0.0017860730411864,-0.18%,❌ mala,0.4613324737202458,0.1691774982001705,0.7996874701205869
2016-10-07,2016,DHR,-0.0267093449105895,-2.67%,❌ mala,0.3857412134652624,0.1788206804589669,0.7433825743831963
2016-10-14,2016,DHR,0.0526523066707937,5.27%,✅ buena,0.3276483399949579,0.1649179790679589,0.6574842981308757
2016-10-21,2016,DHR,-0.0246977295897766,-2.47%,❌ mala,0.2211508973025675,0.1745203392370027,0.570191575776573
2016-10-28,2016,DHR,-0.015986685516261,-1.60%,❌ mala,0.1806771344184172,0.1672772365223041,0.5152316074630257
2016-11-04,2016,DHR,0.0519887517999553,5.20%,✅ buena,0.1034395313645912,0.1672885900027471,0.4380167113700855
2016-11-11,2016,DHR,-0.0240919838529418,-2.41%,❌ mala,0.1140710800179647,0.1658646597118014,0.4458003994415677
2016-11-18,2016,STLD,0.0722204239052752,7.22%,✅ buena,0.0533743503261445,0.2119233693642209,0.4772210890545865
2016-11-25,2016,UAL,-0.011699240086576,-1.17%,❌ mala,0.016500319444151,0.2118428008983693,0.4401859212408898
2016-12-02,2016,LUV,0.0414528519731511,4.15%,✅ buena,0.0327664855222291,0.2085558444475689,0.449878174417367
2016-12-09,2016,STLD,-0.011587128338577,-1.16%,❌ mala,0.0342518977165995,0.2077951789447769,0.4498422556061534
2016-12-16,2016,DHR,-0.0034084397956913,-0.34%,❌ mala,0.0875739436408447,0.1508448607586492,0.3892636651581431
2016-12-23,2016,DHR,-0.0124932138669781,-1.25%,❌ mala,0.0896189102297622,0.1441031084206183,0.3778251270709989
2016-12-30,2016,INCY,0.0801835163528281,8.02%,✅ buena,0.0167793134028455,0.1473304421327818,0.3114401976684092
2017-01-06,2017,INCY,0.0871572583712725,8.72%,✅ buena,0.0002261619549972,0.1473370963932125,0.2949003547414223
2017-01-13,2017,AXON,-0.0150614018097964,-1.51%,❌ mala,-0.0130527129867425,0.1504382141991484,0.2878237154115542
2017-01-20,2017,AXON,-0.0008048473825612,-0.08%,❌ mala,0.0012525010694399,0.1445397183702568,0.2903319378099537
2017-01-27,2017,AXON,0.0579943833460425,5.80%,✅ buena,0.0236090868172917,0.1411607293890076,0.3059305455953069
2017-02-03,2017,DXCM,-0.0169574502333865,-1.70%,❌ mala,-0.0390601352338382,0.1665655652838052,0.2940709953337723
2017-02-10,2017,DXCM,0.0236249923706055,2.36%,✅ buena,-0.0140941798039249,0.1497063840197924,0.28531858823566
2017-02-17,2017,DXCM,-0.0413969888254384,-4.14%,❌ mala,0.0122965114754614,0.1375151244022023,0.287326760279866
2017-02-24,2017,DXCM,0.0247134068968948,2.47%,✅ buena,0.0305768769219678,0.1367645342751309,0.3041059454722298
2017-03-03,2017,AXON,-0.0078912893200431,-0.79%,❌ mala,0.0520002159748083,0.1307803103949047,0.3135608367646178
2017-03-10,2017,DXCM,0.0070207183746291,0.70%,✅ buena,0.0451437250392972,0.1328400467391724,0.310823818517642
2017-03-17,2017,DXCM,0.0472810671288079,4.73%,✅ buena,0.0266410359481359,0.1332700828603273,0.2931812016687907
2017-03-24,2017,FCX,0.0429349596445969,4.29%,✅ buena,0.0323500478438913,0.1404950651616005,0.3133401781670925
2017-03-31,2017,FCX,0.0007486910726282,0.07%,✅ buena,0.0456104621520203,0.1382261493732601,0.3220627608985407
2017-04-07,2017,CF,-0.036936517804441,-3.69%,❌ mala,0.0389203209168191,0.1392930767971415,0.3175064745111022
2017-04-14,2017,DXCM,-0.0109123616658119,-1.09%,❌ mala,0.0414670058017518,0.1312938211139872,0.3040546480297263
2017-04-21,2017,NVDA,0.0257673390670587,2.58%,✅ buena,0.065489514823646,0.1376955440100291,0.3408806028437043
2017-04-28,2017,FCX,-0.0745099164136502,-7.45%,❌ mala,0.0450777466960599,0.1320262416584075,0.3091302300128749
2017-05-05,2017,PANW,0.0012896372574207,0.13%,✅ buena,-0.1091306435196097,0.1465978819434417,0.1840651203672736
2017-05-12,2017,DXCM,-0.0391933339761584,-3.92%,❌ mala,-0.0775575299424864,0.141512198644966,0.2054668673474455
2017-05-19,2017,DXCM,0.014631951081669,1.46%,✅ buena,-0.1003168901615054,0.1419515231119052,0.183586156062305
2017-05-26,2017,AMD,-0.0090909437699751,-0.91%,❌ mala,-0.1106499657255837,0.1451504234956286,0.1796508812656735
2017-06-02,2017,BLDR,0.0256587991401853,2.57%,✅ buena,-0.0776794251057273,0.1501206888086829,0.2225619525116386
2017-06-09,2017,MOH,0.0083553163973153,0.84%,✅ buena,-0.0455202842929813,0.1415511712410455,0.2375820581891096
2017-06-16,2017,MOH,0.0369239843250825,3.69%,✅ buena,-0.0549157691509598,0.1432732487293598,0.2316307283077597
2017-06-23,2017,MOH,-0.0301416160197386,-3.01%,❌ mala,-0.0318232738813017,0.1364659575213916,0.2411086411614814
2017-06-30,2017,ZTS,0.0033663408233559,0.34%,✅ buena,-0.0505813370640189,0.1387787891704359,0.2269762412768529
2017-07-07,2017,ZTS,0.0121427604282207,1.21%,✅ buena,-0.0473241759050189,0.1372431095276974,0.2271620431503758
2017-07-14,2017,DLTR,0.0257560232032505,2.58%,✅ buena,-0.06564500178174,0.1495387324183018,0.2334324630548636
2017-07-21,2017,NRG,0.0290208909595961,2.90%,✅ buena,-0.0687254627509554,0.1456937210203176,0.2226619792896798
2017-07-28,2017,ZTS,-0.0014465475934388,-0.14%,❌ mala,-0.0089995741515453,0.1282054228989257,0.2474112716463061
2017-08-04,2017,ULTA,0.0033973066102452,0.34%,✅ buena,0.0222602074601931,0.1223691691030615,0.2669985456663162
2017-08-11,2017,PANW,0.0110990103134502,1.11%,✅ buena,-0.0593785731787515,0.1360966416155465,0.2128147100523416
2017-08-18,2017,VTRS,-0.0061847895773483,-0.62%,❌ mala,-0.055313897974385,0.148598026670896,0.2418821553674071
2017-08-25,2017,NRG,0.0093573546690117,0.94%,✅ buena,-0.0362879535529914,0.1294470907998886,0.2226062280467857
2017-09-01,2017,CAH,0.0079622360166575,0.80%,✅ buena,-0.0698957277290281,0.1418295940044747,0.2137634602799212
2017-09-08,2017,INCY,-0.0796385343218425,-7.96%,❌ mala,-0.0412774694738313,0.128544035147454,0.2158106008210766
2017-09-15,2017,LLY,0.0178313623309238,1.78%,✅ buena,-0.0643541500706093,0.1347505578586971,0.205146965646785
2017-09-22,2017,INCY,0.0531348621626144,5.31%,✅ buena,-0.0436241673879715,0.1300158770430603,0.2164075866981491
2017-09-29,2017,INCY,-0.0174747383318263,-1.75%,❌ mala,0.0127837225697755,0.1234388297362741,0.2596613820423239
2017-10-06,2017,EOG,0.0044701530839117,0.45%,✅ buena,0.0074167941564931,0.1469133573652259,0.301243508886945
2017-10-13,2017,VRTX,0.0112484545125239,1.12%,✅ buena,-0.0160683093937126,0.1565854042231353,0.297102499052558
2017-10-20,2017,AMD,-0.1426502684410118,-14.27%,❌ mala,0.0497250021812649,0.1228425206522692,0.2954100434858033
2017-10-27,2017,NVDA,0.0338354154029036,3.38%,✅ buena,0.0363412987007605,0.1233723604281018,0.2830860195569643
2017-11-03,2017,AMD,0.0125899590614713,1.26%,✅ buena,0.0697504117164546,0.1148716082947957,0.2994936283060461
2017-11-10,2017,AMD,0.0106571832255635,1.07%,✅ buena,0.0677369372207441,0.1170139345290491,0.3017648062788424
2017-11-17,2017,AMD,0.0,0.00%,❌ mala,0.0523321733452541,0.1233705229210081,0.2990732191872703
2017-11-24,2017,AMD,-0.0571178001465708,-5.71%,❌ mala,0.0416727437010235,0.1203256291678841,0.2823240020367918
2017-12-01,2017,INCY,-0.0138860585710643,-1.39%,❌ mala,0.0459921010306323,0.1107582263338465,0.2675085536983255
2017-12-08,2017,AMD,0.0352113074693138,3.52%,✅ buena,0.0763741309763426,0.1093277865718872,0.2950297041201171
2017-12-15,2017,AZO,0.0186928375498691,1.87%,✅ buena,-0.0186007228166698,0.1468062418692277,0.2750117609217856
2017-12-22,2017,WBD,-0.0568900298150828,-5.69%,❌ mala,-0.0021458154072642,0.1354993126042002,0.2688528098011363
2017-12-29,2017,WBD,-0.0169794090713265,-1.70%,❌ mala,0.0202857223902608,0.1329563541121746,0.2861984306146101
2018-01-05,2018,WBD,0.1059090874411843,10.59%,✅ buena,0.0215704302199071,0.1189602583716592,0.2594909469632255
2018-01-12,2018,DXCM,-0.0123348152059815,-1.23%,❌ mala,0.0696422258819438,0.1069159378883326,0.2834741016586092
2018-01-19,2018,DVN,0.0235707938383962,2.36%,✅ buena,-0.0068707695394276,0.1544728978660505,0.3020750261926734
2018-01-26,2018,LRCX,-0.1160587607256313,-11.61%,❌ mala,0.035965446750924,0.121984183806519,0.2799338143639622
2018-02-02,2018,DXCM,-0.0511522410547744,-5.12%,❌ mala,0.0573136892392616,0.119318780626287,0.2959512504918357
2018-02-09,2018,SLB,0.0167203985759598,1.67%,✅ buena,0.0493791453391121,0.1172860322953096,0.2839512099297315
2018-02-16,2018,BKR,0.0565397302265515,5.65%,✅ buena,0.1284608392049002,0.1679545965913862,0.4643700323876728
2018-02-23,2018,SLB,-0.0154885401771021,-1.55%,❌ mala,0.1426108758552853,0.1424859521409424,0.4275827801371701
2018-03-02,2018,SLB,0.050557287503594,5.06%,✅ buena,0.134862410411138,0.1444462229115878,0.4237548562343137
2018-03-09,2018,HAL,-0.022983980492152,-2.30%,❌ mala,0.1111622669811052,0.1249061865375246,0.3609746400561545
2018-03-16,2018,ADSK,-0.0569428782875806,-5.69%,❌ mala,0.1234184496055028,0.1795913683390137,0.4826011862835303
2018-03-23,2018,MU,-0.038184746583921,-3.82%,❌ mala,0.1528993428341589,0.1268372724868361,0.4065738878078311
2018-03-30,2018,WBD,0.0555296554881619,5.55%,✅ buena,0.1734279606307156,0.1237127351139862,0.4208534308586881
2018-04-06,2018,ADSK,0.0271968045244159,2.72%,✅ buena,0.2494465816979776,0.0998243759794571,0.4490953336568919
2018-04-13,2018,LRCX,-0.0580648324522233,-5.81%,❌ mala,0.3026385221388614,0.1484312559233455,0.5995010339855524
2018-04-20,2018,MU,-0.0612405754959379,-6.12%,❌ mala,0.2699341613345813,0.1257974831548848,0.521529127644351
2018-04-27,2018,MU,0.0012625123032214,0.13%,✅ buena,0.2676128141427787,0.1083415144198902,0.4842958429825593
2018-05-04,2018,MU,0.0891130926839336,8.91%,✅ buena,0.2673339010033819,0.1140150145327158,0.4953639300688137
2018-05-11,2018,MU,0.030297204802115,3.03%,✅ buena,0.2675216824451613,0.1017456775576925,0.4710130375605463
2018-05-18,2018,MU,0.1490917654750492,14.91%,✅ buena,0.2808648166475167,0.1036998820893238,0.4882645808261645
2018-05-25,2018,MTCH,0.0176863977437911,1.77%,✅ buena,0.2037476951513184,0.1103137012715225,0.4243750976943635
2018-06-01,2018,MTCH,-0.0248942272264129,-2.49%,❌ mala,0.2162474406753172,0.1064800337407095,0.4292075081567362
2018-06-08,2018,ON,0.0162698347221907,1.63%,✅ buena,0.1842768299234256,0.1038394679629155,0.3919557658492567
2018-06-15,2018,FSLR,0.0311398376385396,3.11%,✅ buena,0.2188244264741639,0.093067034052306,0.404958494578776
2018-06-22,2018,MU,-0.0816111754057374,-8.16%,❌ mala,0.2344508303953356,0.0922225516031001,0.4188959336015359
2018-06-29,2018,MU,0.0150647816926294,1.51%,✅ buena,0.2395957497768199,0.0954598137237989,0.4305153772244178
2018-07-06,2018,MU,0.0586135675882129,5.86%,✅ buena,0.2529644189934192,0.1086410862259174,0.4702465914452541
2018-07-13,2018,AXON,0.0890986994240308,8.91%,✅ buena,0.2725159557332461,0.0951373290485228,0.4627906138302919
2018-07-20,2018,MU,-0.0192656186468005,-1.93%,❌ mala,0.2832992084714369,0.0975792554538916,0.4784577193792203
2018-07-27,2018,MU,-0.0213121515056752,-2.13%,❌ mala,0.2588396521775189,0.0878120963425206,0.4344638448625602
2018-08-03,2018,AXON,-0.1102908600533317,-11.03%,❌ mala,0.2375556187338705,0.0876829998815224,0.4129216184969155
2018-08-10,2018,MU,-0.0829276854009821,-8.29%,❌ mala,0.2309150274924687,0.0876631964789926,0.4062414204504541
2018-08-17,2018,ON,0.0393701356507869,3.94%,✅ buena,0.2175307406535613,0.0952506703713976,0.4080320813963567
2018-08-24,2018,MU,0.0358975130121428,3.59%,✅ buena,0.2327189465043746,0.0988587545729526,0.4304364556502799
2018-08-31,2018,DXCM,-0.0062336135533721,-0.62%,❌ mala,0.2134865661142566,0.1068305588620835,0.4271476838384237
2018-09-07,2018,DXCM,-0.0031363044441171,-0.31%,❌ mala,0.2615739716143781,0.0860872703675195,0.4337485123494171
2018-09-14,2018,MU,0.0099321783462291,0.99%,✅ buena,0.1309526327397057,0.0930785828264264,0.3171097983925586
2018-09-21,2018,MU,0.0109521862863517,1.10%,✅ buena,0.1409523656743134,0.0910088288983632,0.32297002347104
2018-09-28,2018,ANET,-0.0548784393401976,-5.49%,❌ mala,0.1592271306553412,0.093333182530221,0.3458934957157833
2018-10-05,2018,MTCH,-0.0326960609106158,-3.27%,❌ mala,0.191726544846686,0.0879729831766022,0.3676725111998906
2018-10-12,2018,SMCI,0.0755148572875659,7.55%,✅ buena,0.2235286196092991,0.0972002065722488,0.4179290327537968
2018-10-19,2018,PODD,-0.0471709212716406,-4.72%,❌ mala,0.2582854835938919,0.1250420877795751,0.5083696591530422
2018-10-26,2018,SMCI,-0.0451389268316589,-4.51%,❌ mala,0.3121691503141601,0.1243684297488583,0.5609060098118768
2018-11-02,2018,AMD,0.0395452873213828,3.95%,✅ buena,0.3822771432852943,0.1873737180313971,0.7570245793480885
2018-11-09,2018,AMD,-0.0175939527889962,-1.76%,❌ mala,0.3847797356834055,0.1446790400838989,0.6741378158512032
2018-11-16,2018,AMD,-0.0619555031993788,-6.20%,❌ mala,0.331520847213816,0.1080476934566218,0.5476162341270596
2018-11-23,2018,PCG,0.1065435360300608,10.65%,✅ buena,0.3140526655735542,0.1141525632257435,0.5423577920250413
2018-11-30,2018,PCG,-0.0223653952222587,-2.24%,❌ mala,0.3153721064595696,0.1130617743824906,0.5414956552245509
2018-12-07,2018,PCG,0.0085305634445271,0.85%,✅ buena,0.3283436931574166,0.1067179767750175,0.5417796467074517
2018-12-14,2018,AMD,-0.1492461995119296,-14.92%,❌ mala,0.3788169527893752,0.116323238099154,0.6114634289876832
2018-12-21,2018,MU,0.0412267350505777,4.12%,✅ buena,0.3332922647601585,0.1096055933771411,0.5525034515144407
2018-12-28,2018,WYNN,0.1061293959246654,10.61%,✅ buena,0.4193213764385366,0.1447710992404671,0.7088635749194709
2019-01-04,2019,WYNN,0.0556897825598692,5.57%,✅ buena,0.4273325168601953,0.1475182606770386,0.7223690382142727
2019-01-11,2019,MU,-0.0069425956865226,-0.69%,❌ mala,0.3880588811282093,0.1100129559709024,0.6080847930700142
2019-01-18,2019,WYNN,0.0290850200816636,2.91%,✅ buena,0.4457039474489696,0.1207152275428165,0.6871344025346027
2019-01-25,2019,NFLX,0.0053246650954243,0.53%,✅ buena,0.3572440094153664,0.1661713957029822,0.6895868008213308
2019-02-01,2019,PCG,0.0856268698129998,8.56%,✅ buena,0.5766474297914255,0.1687157008470683,0.914078831485562
2019-02-08,2019,PCG,0.0901407271821586,9.01%,✅ buena,0.6190220323597917,0.1602996890234972,0.9396214104067862
2019-02-15,2019,PCG,0.2125322901599224,21.25%,✅ buena,0.6817231056191146,0.1612659098788583,1.0042549253768311
2019-02-22,2019,PCG,-0.0458178232689411,-4.58%,❌ mala,0.6633019289700752,0.2040377536133757,1.071377436196827
2019-03-01,2019,PCG,0.0826354513695422,8.26%,✅ buena,0.7643663639585407,0.1753084501454331,1.1149832642494069
2019-03-08,2019,PCG,0.0134091253977217,1.34%,✅ buena,0.8641995077701123,0.1652914191101,1.1947823459903124
2019-03-15,2019,PCG,-0.011704919954765,-1.17%,❌ mala,0.8747027584808726,0.1555009815500127,1.185704721580898
2019-03-22,2019,PCG,-0.0834190927865288,-8.34%,❌ mala,0.9634832013609312,0.1558775193497674,1.275238240060466
2019-03-29,2019,PCG,0.0882021661369856,8.82%,✅ buena,1.0354451454646958,0.1584829956395433,1.3524111367437823
2019-04-05,2019,PCG,0.1915331714323851,19.15%,✅ buena,0.9722130805023996,0.1393078898207874,1.2508288601439743
2019-04-12,2019,PCG,-0.0901211708233317,-9.01%,❌ mala,1.0345258441226666,0.1409579428245072,1.316441729771681
2019-04-19,2019,PCG,0.1147618192267354,11.48%,✅ buena,0.98893217346737,0.1344102420585516,1.2577526575844733
2019-04-26,2019,PCG,-0.0820162951892976,-8.20%,❌ mala,0.978604029091222,0.1259212010675345,1.2304464312262913
2019-05-03,2019,PCG,-0.1344808359991776,-13.45%,❌ mala,1.019841843611768,0.1272751081764891,1.2743920599647462
2019-05-10,2019,PCG,-0.0849463713025369,-8.49%,❌ mala,0.9139284413459664,0.1100556684363741,1.1340397782187148
2019-05-17,2019,PCG,0.1063451680548901,10.63%,✅ buena,0.9417932018359628,0.1187420868885577,1.1792773756130783
2019-05-24,2019,PCG,-0.0918744469314455,-9.19%,❌ mala,0.949838797735472,0.1181633014828274,1.1861654007011266
2019-05-31,2019,PCG,0.1964911298847016,19.65%,✅ buena,0.8041295888210183,0.1047600054460545,1.0136495997131274
2019-06-07,2019,PCG,-0.096774382156744,-9.68%,❌ mala,0.8560953632766946,0.1203988777462239,1.0968931187691424
2019-06-14,2019,PCG,0.2424244006185143,24.24%,✅ buena,0.9512690147248412,0.1198094147817147,1.1908878442882709
2019-06-21,2019,PCG,-0.001742147688005,-0.17%,❌ mala,0.8690004318594546,0.1084287965932767,1.085858025046008
2019-06-28,2019,PCG,-0.0493018363829999,-4.93%,❌ mala,0.927093557530124,0.1161304483526924,1.1593544542355088
2019-07-05,2019,PCG,-0.1096834891853971,-10.97%,❌ mala,0.853929134597319,0.1139684343333193,1.0818660032639578
2019-07-12,2019,PCG,-0.0829896185897668,-8.30%,❌ mala,0.7406129523356471,0.0908482265170536,0.9223094053697544
2019-07-19,2019,WDC,0.0770111371756152,7.70%,✅ buena,0.3691661360024831,0.1135217832485058,0.5962097024994949
2019-07-26,2019,PCG,-0.0053471941057049,-0.53%,❌ mala,0.3768998432193327,0.0784703811467598,0.5338406055128524
2019-08-02,2019,MU,-0.0580763132583722,-5.81%,❌ mala,0.3568720403571119,0.0859326955082303,0.5287374313735725
2019-08-09,2019,WDC,0.0171394773459778,1.71%,✅ buena,0.3678814448420633,0.0750792964388251,0.5180400377197135
2019-08-16,2019,WDC,-0.0101465987766783,-1.01%,❌ mala,0.3973987955307383,0.0909416103928676,0.5792820163164737
2019-08-23,2019,MU,0.0537711560146014,5.38%,✅ buena,0.4717919617559429,0.0911408838691633,0.6540737294942698
2019-08-30,2019,MU,0.0817317059520947,8.17%,✅ buena,0.3973340757147694,0.1083526177211882,0.614039311157146
2019-09-06,2019,ON,0.0834680220722454,8.35%,✅ buena,0.3839731659859864,0.0773521371455319,0.5386774402770502
2019-09-13,2019,SW,0.008178817222584,0.82%,✅ buena,0.3612394596065225,0.0743310468897165,0.5099015533859557
2019-09-20,2019,WDC,-0.0031311558092078,-0.31%,❌ mala,0.4098588854760776,0.1003698005390874,0.6105984865542524
2019-09-27,2019,WDC,-0.0231447147647023,-2.31%,❌ mala,0.3643603482927902,0.1012118695590645,0.5667840874109193
2019-10-04,2019,MU,0.0123456627604612,1.23%,✅ buena,0.3909664977122504,0.0739341920637863,0.5388348818398231
2019-10-11,2019,WDC,-0.0037703939540997,-0.38%,❌ mala,0.3975812558932565,0.0740151661997969,0.5456115882928503
2019-10-18,2019,MU,0.1048999069654994,10.49%,✅ buena,0.4217163342890626,0.0755585218381347,0.5728333779653321
2019-10-25,2019,MU,0.007287309395259,0.73%,✅ buena,0.4210611292591952,0.0720823567397961,0.5652258427387876
2019-11-01,2019,PCG,0.0077760687837304,0.78%,✅ buena,0.4092441704431446,0.0957591614964326,0.6007624934360098
2019-11-08,2019,PCG,0.145061797549983,14.51%,✅ buena,0.6443987234404331,0.0957766725944402,0.8359520686293137
2019-11-15,2019,PCG,-0.0148248199221531,-1.48%,❌ mala,0.5535031762214464,0.0771168937272946,0.7077369636760358
2019-11-22,2019,PCG,0.0205198848577425,2.05%,✅ buena,0.5557293723205969,0.0721382770962679,0.7000059265131329
2019-11-29,2019,PCG,0.2935656078046023,29.36%,✅ buena,0.4725485756137302,0.0874134179584349,0.6473754115306001
2019-12-06,2019,PCG,0.1647667948310369,16.48%,✅ buena,0.4889174473665654,0.0744264210744848,0.637770289515535
2019-12-13,2019,PCG,-0.0222418754386998,-2.22%,❌ mala,0.6190426519143235,0.0818917707626637,0.782826193439651
2019-12-20,2019,PCG,-0.0500456996666365,-5.00%,❌ mala,0.6202006317206925,0.0848281207773875,0.7898568732754676
2019-12-27,2019,PCG,0.0124521572893767,1.25%,✅ buena,0.5557957316429754,0.0912453660039294,0.7382864636508342
2020-01-03,2020,PCG,-0.0350047077455648,-3.50%,❌ mala,0.5115122079197492,0.0851073238695709,0.681726855658891
2020-01-10,2020,PCG,0.2823531815248929,28.24%,✅ buena,0.4957834336085605,0.0711197573346184,0.6380229482777975
2020-01-17,2020,PCG,0.0909784754200675,9.10%,✅ buena,0.4854510209652587,0.0692205359385462,0.6238920928423513
2020-01-24,2020,PCG,0.0658723866044659,6.59%,✅ buena,0.4422765942213267,0.0756273621873189,0.5935313185959646
2020-01-31,2020,PCG,0.140696911887634,14.07%,✅ buena,0.5214777277523641,0.0788118793448633,0.6791014864420909
2020-02-07,2020,PCG,-0.0662821380815414,-6.63%,❌ mala,0.6417376279644582,0.0785420376774232,0.7988217033193047
2020-02-14,2020,PCG,0.1061726383550112,10.62%,✅ buena,0.5919620250020479,0.088952640399754,0.769867305801556
2020-02-21,2020,PCG,-0.1350447846559418,-13.50%,❌ mala,0.6202290454725201,0.0726708082443854,0.7655706619612911
2020-02-28,2020,PCG,-0.0793547375182365,-7.94%,❌ mala,0.5891603007810433,0.0745694762296179,0.7382992532402792
2020-03-06,2020,DVN,-0.3422507029159787,-34.23%,❌ mala,0.5854960913772504,0.1380765658162891,0.8616492230098287
2020-03-13,2020,EOG,0.0025861281296704,0.26%,✅ buena,0.7302788102086137,0.2162180459282552,1.1627149020651242
2020-03-20,2020,APA,0.0062113716604261,0.62%,✅ buena,1.7176460291653997,0.4863414316740888,2.6903288925135773
2020-03-27,2020,APA,0.1069957459956432,10.70%,✅ buena,1.6357806382765203,0.5284268775788479,2.692634393434216
2020-04-03,2020,BA,0.2194025090856397,21.94%,✅ buena,1.800735072001418,0.3439125578239254,2.4885601876492687
2020-04-10,2020,BA,0.014225524988177,1.42%,✅ buena,1.5512522685208625,0.342763970697938,2.236780209916738
2020-04-17,2020,CNP,0.0090743489111624,0.91%,✅ buena,2.249912455733872,0.3544070581627856,2.958726572059444
2020-04-24,2020,VTR,0.0945508214935859,9.46%,✅ buena,2.47082187122478,0.4008407155939253,3.27250330241263
2020-05-01,2020,APA,0.1037235146347843,10.37%,✅ buena,1.9682891920266308,0.3241822023965708,2.6166535968197726
2020-05-08,2020,NCLH,-0.1214803050530159,-12.15%,❌ mala,1.9995156690250049,0.3639025834031717,2.7273208358313483
2020-05-15,2020,NCLH,0.2728937290674165,27.29%,✅ buena,1.44634405408252,0.317696076869598,2.081736207821716
2020-05-22,2020,TRGP,-0.0083151679832215,-0.83%,❌ mala,1.387877170796783,0.2624954125357658,1.9128679958683144
2020-05-29,2020,NCLH,0.4323116554105488,43.23%,✅ buena,1.4277577102312509,0.2939156286647459,2.015588967560743
2020-06-05,2020,NCLH,-0.0860454872455096,-8.60%,❌ mala,1.3664462780718534,0.2928574545076728,1.9521611870871989
2020-06-12,2020,NCLH,-0.1112195456900247,-11.12%,❌ mala,1.7623985222691685,0.324201289218368,2.4108011007059047
2020-06-19,2020,NCLH,-0.1613611246531938,-16.14%,❌ mala,1.819493370175613,0.3086948186240744,2.436883007423762
2020-06-26,2020,NCLH,0.0451571038033942,4.52%,✅ buena,1.6001697758854678,0.2827194112487747,2.165608598383017
2020-07-03,2020,NCLH,0.0269254442274011,2.69%,✅ buena,1.4319811605235555,0.2856479006528564,2.0032769618292683
2020-07-10,2020,NCLH,-0.0689023894543157,-6.89%,❌ mala,1.3096170857046618,0.2969579791747149,1.903533044054092
2020-07-17,2020,NCLH,-0.0582842381560149,-5.83%,❌ mala,1.3740821260174374,0.2707754508353324,1.9156330276881024
2020-07-24,2020,NCLH,-0.0514603452871345,-5.15%,❌ mala,1.3666836264647553,0.2574614094690445,1.8816064454028445
2020-07-31,2020,NCLH,0.0256597814505734,2.57%,✅ buena,1.4097097828272367,0.2515209918021498,1.9127517664315363
2020-08-07,2020,NCLH,0.1258041642370353,12.58%,✅ buena,1.313870885283705,0.2466818185078751,1.8072345222994557
2020-08-14,2020,NCLH,-0.0120634654211619,-1.21%,❌ mala,1.361410016789912,0.2369610993671531,1.8353322155242184
2020-08-21,2020,NCLH,0.1368894638174687,13.69%,✅ buena,1.304000071608154,0.21798736651775,1.739974804643654
2020-08-28,2020,NCLH,0.0412662249970483,4.13%,✅ buena,1.1618856863787967,0.2122989430125287,1.5864835724038542
2020-09-04,2020,NCLH,-0.0494028145300202,-4.94%,❌ mala,1.19928759288803,0.2194089678384143,1.6381055285648587
2020-09-11,2020,NCLH,-0.071958892770517,-7.20%,❌ mala,1.038426477691221,0.1791236423643656,1.3966737624199523
2020-09-18,2020,NCLH,0.0233845637394831,2.34%,✅ buena,0.9383717004468852,0.1619539599573176,1.2622796203615207
2020-09-25,2020,NCLH,0.0384847461993238,3.85%,✅ buena,0.9067399396821368,0.1388934635311763,1.1845268667444897
2020-10-02,2020,OXY,0.0962514489164501,9.63%,✅ buena,0.6455957096434581,0.1478352139982378,0.9412661376399336
2020-10-09,2020,NCLH,-0.1350773540379274,-13.51%,❌ mala,0.7223546507743148,0.1047812977878857,0.9319172463500864
2020-10-16,2020,OXY,-0.0069375661397002,-0.69%,❌ mala,0.7841285719906239,0.1093040340200498,1.0027366400307236
2020-10-23,2020,NCLH,-0.093733034602006,-9.37%,❌ mala,0.7028177854609824,0.1021956517664631,0.9072090889939088
2020-10-30,2020,NCLH,0.0204449891609144,2.04%,✅ buena,0.8203736304234169,0.1070326135657226,1.0344388575548622
2020-11-06,2020,NCLH,0.1820860505372104,18.21%,✅ buena,0.6650118564389597,0.1149988530234029,0.8950095624857656
2020-11-13,2020,NCLH,-0.0034895162855345,-0.35%,❌ mala,0.6601305014925265,0.114023731566245,0.8881779646250165
2020-11-20,2020,OXY,0.2275761881708917,22.76%,✅ buena,0.8915511988846777,0.1226227064598584,1.1367966118043946
2020-11-27,2020,FANG,0.085018542125391,8.50%,✅ buena,0.8916410688406277,0.1330508972344743,1.1577428633095763
2020-12-04,2020,APA,0.0606059443061997,6.06%,✅ buena,1.0613236282533605,0.2234872925703021,1.5082982133939646
2020-12-11,2020,FANG,-0.0852128552478748,-8.52%,❌ mala,1.2442287660589284,0.2506535784514445,1.7455359229618177
2020-12-18,2020,OXY,-0.0458963622099953,-4.59%,❌ mala,0.9100378147739224,0.1415192479015617,1.193076310577046
2020-12-25,2020,OXY,-0.0203735830194015,-2.04%,❌ mala,0.7865251302142143,0.087929601427542,0.9623843330692984
2021-01-01,2021,FANG,0.17272725848207,17.27%,✅ buena,0.6572880911087403,0.0734065332138123,0.804101157536365
2021-01-08,2021,TTWO,-0.0672432371286819,-6.72%,❌ mala,0.5957956950921056,0.0710264059804421,0.7378485070529899
2021-01-15,2021,MLM,0.0198299944983315,1.98%,✅ buena,0.6979387546032578,0.0887974700028297,0.8755336946089174
2021-01-22,2021,WBD,0.1048278558156425,10.48%,✅ buena,0.7941238753193666,0.0895684072104946,0.9732606897403558
2021-01-29,2021,PSKY,0.1142264942275292,11.42%,✅ buena,0.7943295684388316,0.0848215795946174,0.9639727276280664
2021-02-05,2021,WBD,0.120225012614338,12.02%,✅ buena,0.727819872122539,0.0734655666962383,0.8747510055150156
2021-02-12,2021,WBD,0.0625523373680008,6.26%,✅ buena,0.7114312306713091,0.0741198089101558,0.8596708484916209
2021-02-19,2021,WBD,0.0441031270602856,4.41%,✅ buena,0.7563884371311591,0.074558031513615,0.9055045001583892
2021-02-26,2021,WBD,0.211578379765746,21.16%,✅ buena,0.8417755731601355,0.0850623677181559,1.0119003085964473
2021-03-05,2021,WBD,0.1066147622431299,10.66%,✅ buena,1.0051654605463711,0.1226682617821558,1.250501984110683
2021-03-12,2021,PSKY,0.0253843191287945,2.54%,✅ buena,1.066281529011858,0.1286714991321347,1.3236245272761271
2021-03-19,2021,WBD,-0.4577455241854384,-45.77%,❌ mala,0.931283553839499,0.1032682721894835,1.137820098218466
2021-03-26,2021,WBD,0.0336515464454396,3.37%,✅ buena,0.8286041000494282,0.0802942896633313,0.9891926793760908
2021-04-02,2021,OXY,-0.1018993642005385,-10.19%,❌ mala,0.7660872741125984,0.0705255804638165,0.9071384350402314
2021-04-09,2021,WSM,-0.0486302816021645,-4.86%,❌ mala,0.7783105556731916,0.0847959406917212,0.947902437056634
2021-04-16,2021,LRCX,-0.0251978045566338,-2.52%,❌ mala,0.7498119730169268,0.0757636749041958,0.9013393228253186
2021-04-23,2021,NVDA,-0.0167538584304881,-1.68%,❌ mala,0.7139897123483598,0.078650615391868,0.871290943132096
2021-04-30,2021,CRL,0.0303804337948039,3.04%,✅ buena,0.6498248737296095,0.0778128041804998,0.8054504820906091
2021-05-07,2021,PSKY,-0.0121861024990362,-1.22%,❌ mala,0.6326004533298444,0.0657835693724931,0.7641675920748306
2021-05-14,2021,XOM,-0.0304426831799574,-3.04%,❌ mala,0.767656180047517,0.0774711078821535,0.922598395811824
2021-05-21,2021,HAL,-0.0004450048969177,-0.04%,❌ mala,0.751584124622084,0.0775431784526638,0.9066704815274116
2021-05-28,2021,HAL,0.1033250464969095,10.33%,✅ buena,0.7387956177398814,0.0753527777922065,0.8895011733242946
2021-06-04,2021,BKR,-0.0042274050437525,-0.42%,❌ mala,0.6671258469852682,0.0731198277002236,0.8133655023857156
2021-06-11,2021,TRGP,-0.0585978624500899,-5.86%,❌ mala,0.6986712551963488,0.0642612677154796,0.8271937906273081
2021-06-18,2021,TRGP,0.0255773993218273,2.56%,✅ buena,0.6913123316196476,0.0628519125271586,0.8170161566739648
2021-06-25,2021,OXY,-0.0100270183830111,-1.00%,❌ mala,0.6609352344204296,0.0632429754931534,0.7874211854067364
2021-07-02,2021,OXY,-0.071823274382417,-7.18%,❌ mala,0.7245465737377337,0.0673671019891937,0.8592807777161212
2021-07-09,2021,AXON,-0.0254080371859501,-2.54%,❌ mala,0.663017973895664,0.0801386122811734,0.8232951984580108
2021-07-16,2021,IDXX,0.0389061640242107,3.89%,✅ buena,0.5943045391363734,0.0753869946774064,0.7450785284911863
2021-07-23,2021,WBD,0.0189673666509027,1.90%,✅ buena,0.5830625334448536,0.0697055896110085,0.7224737126668708
2021-07-30,2021,GNRC,-0.0103013567282034,-1.03%,❌ mala,0.5817829414647452,0.0694763992941765,0.7207357400530983
2021-08-06,2021,DXCM,-0.0488347984495483,-4.88%,❌ mala,0.5491511664773809,0.0760987412877733,0.7013486490529277
2021-08-13,2021,AMD,-0.0533695283854186,-5.34%,❌ mala,0.5553580345250863,0.0776052942568587,0.7105686230388036
2021-08-20,2021,NUE,0.0294620139037187,2.95%,✅ buena,0.5587241446950306,0.0786851026219,0.7160943499388307
2021-08-27,2021,PSKY,0.0095375877404491,0.95%,✅ buena,0.533186262038508,0.0732011949673704,0.6795886519732488
2021-09-03,2021,DVN,-0.0208458353236723,-2.08%,❌ mala,0.5927850782896702,0.0603562579217683,0.7134975941332069
2021-09-10,2021,OXY,0.0784627135675777,7.85%,✅ buena,0.5648188546611081,0.0607786917767802,0.6863762382146685
2021-09-17,2021,OXY,0.0430587108229656,4.31%,✅ buena,0.5378647595295383,0.0619497921781718,0.6617643438858819
2021-09-24,2021,OXY,0.1085409073856928,10.85%,✅ buena,0.6948971287661414,0.0712812641883206,0.8374596571427828
2021-10-01,2021,FANG,0.1116731105319015,11.17%,✅ buena,0.6320382744494343,0.0612834167150958,0.754605107879626
2021-10-08,2021,OXY,-0.0585787080522752,-5.86%,❌ mala,0.6852922111216561,0.0703210490415717,0.8259343092047995
2021-10-15,2021,FANG,0.0096971245112682,0.97%,✅ buena,0.8598348680813924,0.1119047894398429,1.0836444469610782
2021-10-22,2021,FANG,-0.0195739100625405,-1.96%,❌ mala,0.8265331792372683,0.0925310218984642,1.011595223034197
2021-10-29,2021,FANG,0.061572751476842,6.16%,✅ buena,0.809447248304449,0.0859662760758051,0.9813798004560592
2021-11-05,2021,TSLA,-0.1543830976436122,-15.44%,❌ mala,0.6920331477866667,0.0981550420101503,0.8883432318069674
2021-11-12,2021,TSLA,0.1002883492140385,10.03%,✅ buena,0.7592918103187962,0.1035396354127478,0.9663710811442918
2021-11-19,2021,LRCX,-0.0039102526411546,-0.39%,❌ mala,0.7235980576958324,0.0878367709361775,0.8992715995681876
2021-11-26,2021,LRCX,0.0303593381635451,3.04%,✅ buena,0.6842167954773123,0.0853774900323864,0.8549717755420851
2021-12-03,2021,MU,0.0480274455666436,4.80%,✅ buena,0.5851694707000371,0.0662929242483895,0.7177553191968161
2021-12-10,2021,LRCX,-0.0500330813176237,-5.00%,❌ mala,0.4850281493046876,0.065084759561339,0.6151976684273658
2021-12-17,2021,FANG,0.0342675010386137,3.43%,✅ buena,0.4859416148970041,0.0656581855046375,0.6172579859062793
2021-12-24,2021,FANG,0.0180289255828931,1.80%,✅ buena,0.5233971472261891,0.0631324391261252,0.6496620254784398
2021-12-31,2021,CCL,0.0884691229772409,8.85%,✅ buena,0.6569201006645881,0.0617522749974996,0.7804246506595874
2022-01-07,2022,NCLH,0.0342341574511086,3.42%,✅ buena,0.676725713639095,0.0658639017503385,0.8084535171397721
2022-01-14,2022,OXY,-0.0495634728951938,-4.96%,❌ mala,0.6359777674919186,0.0644765263612668,0.7649308202144522
2022-01-21,2022,COP,0.078578727544164,7.86%,✅ buena,0.7803223216506265,0.1011056073905714,0.9825335364317694
2022-01-28,2022,OXY,0.0859728516571187,8.60%,✅ buena,0.6886620588437798,0.0677388666729313,0.8241397921896425
2022-02-04,2022,WMB,0.0042511286025244,0.43%,✅ buena,0.748243823594429,0.0852593686532843,0.9187625609009976
2022-02-11,2022,WMB,-0.0354932037151691,-3.55%,❌ mala,0.6429398546111545,0.063530720091068,0.7700012947932906
2022-02-18,2022,EOG,-0.038881820589688,-3.89%,❌ mala,0.6055095142355017,0.0612226519019887,0.7279548180394791
2022-02-25,2022,NCLH,-0.1150127365270082,-11.50%,❌ mala,0.689699342391448,0.059345569321692,0.8083904810348321
2022-03-04,2022,CCL,-0.0011608203234082,-0.12%,❌ mala,0.6923442888084727,0.0594712975101774,0.8112868838288274
2022-03-11,2022,CVX,-0.0536570246807383,-5.37%,❌ mala,0.7321942083231144,0.076957748315557,0.8861097049542286
2022-03-18,2022,OXY,0.0439187672734968,4.39%,✅ buena,0.7210047130086649,0.0655825615933624,0.8521698361953898
2022-03-25,2022,OXY,-0.0102197249138716,-1.02%,❌ mala,0.7976599042670968,0.0832771204397657,0.9642141451466284
2022-04-01,2022,OXY,0.0635002076596713,6.35%,✅ buena,0.8609633977085505,0.1032361083516488,1.0674356144118482
2022-04-08,2022,BKNG,0.027623005351955,2.76%,✅ buena,0.7886449966236904,0.0693762317627946,0.9273974601492796
2022-04-15,2022,EQT,-0.061850761710795,-6.19%,❌ mala,0.7236016437354127,0.0672216677763538,0.8580449792881204
2022-04-22,2022,EQT,0.0002519687285718,0.03%,✅ buena,0.755204076400625,0.0771647876341452,0.9095336516689154
2022-04-29,2022,UAL,-0.0590098919254717,-5.90%,❌ mala,0.644757356172859,0.0588976906464402,0.7625527374657396
2022-05-06,2022,UAL,-0.089436026074483,-8.94%,❌ mala,0.5716032061157925,0.0683425885523705,0.7082883832205336
2022-05-13,2022,DVN,0.0177583514910542,1.78%,✅ buena,0.6135432145372035,0.0565664261462617,0.726676066829727
2022-05-20,2022,EPAM,0.0622990434860466,6.23%,✅ buena,0.6033998253411783,0.0623755864616256,0.7281509982644295
2022-05-27,2022,DVN,0.0160947253785159,1.61%,✅ buena,0.6348967052088758,0.0560574490289931,0.7470116032668621
2022-06-03,2022,XOM,0.0138257437107665,1.38%,✅ buena,0.7811842665259006,0.0796617935410788,0.9405078536080582
2022-06-10,2022,XOM,-0.1427434500266275,-14.27%,❌ mala,0.6508019506704209,0.0571858639510145,0.7651736785724499
2022-06-17,2022,PSX,-0.0697160279524945,-6.97%,❌ mala,0.6578405635255561,0.0592906849242821,0.7764219333741202
2022-06-24,2022,DLTR,-0.0059792786798688,-0.60%,❌ mala,0.6030289208851123,0.0561134205249545,0.7152557619350215
2022-07-01,2022,UAL,0.000823342347004,0.08%,✅ buena,0.468606658043024,0.1096523371788947,0.6879113324008135
2022-07-08,2022,UAL,0.0633396622230553,6.33%,✅ buena,0.4042541368642591,0.1213814231959908,0.6470169832562408
2022-07-15,2022,DG,0.0150323794656073,1.50%,✅ buena,0.5676544554840531,0.0573865875114855,0.6824276305070243
2022-07-22,2022,PHM,-0.0498800892631674,-4.99%,❌ mala,0.6449017947047992,0.0694718634306316,0.7838455215660625
2022-07-29,2022,EQT,-0.0397458874747698,-3.97%,❌ mala,0.6046711135320513,0.0602040285255788,0.7250791705832089
2022-08-05,2022,ON,0.0521958679883429,5.22%,✅ buena,0.8584755172082581,0.099504659010401,1.0574848352290602
2022-08-12,2022,ON,0.0192523193744154,1.93%,✅ buena,0.827920004567334,0.0850069642862161,0.9979339331397662
2022-08-19,2022,FSLR,0.0549345475843887,5.49%,✅ buena,0.90579445224996,0.1109504681590166,1.1276953885679937
2022-08-26,2022,VLO,-0.0661305022889799,-6.61%,❌ mala,0.7904789265164336,0.0724333431421759,0.9353456128007857
2022-09-02,2022,APA,-0.0182988662919321,-1.83%,❌ mala,0.7257783743543637,0.0649989967009197,0.8557763677562031
2022-09-09,2022,VLO,-0.0781856764140013,-7.82%,❌ mala,0.7684329594046848,0.068003880211627,0.9044407198279388
2022-09-16,2022,EOG,-0.1015231585402507,-10.15%,❌ mala,0.6410541816833486,0.0610778025773833,0.7632097868381154
2022-09-23,2022,APA,0.0401581153163559,4.02%,✅ buena,0.5572743163143601,0.0664027284903775,0.6900797732951153
2022-09-30,2022,DLTR,0.0429830314649446,4.30%,✅ buena,0.4652108702950346,0.0720991427483988,0.6094091557918324
2022-10-07,2022,EOG,-0.0483771228459909,-4.84%,❌ mala,0.4538571480375981,0.0925667844197632,0.6389907168771245
2022-10-14,2022,APA,0.0881337614223167,8.81%,✅ buena,0.6466027186815518,0.0722552053057321,0.791113129293016
2022-10-21,2022,TPL,0.0847350658013343,8.47%,✅ buena,0.6831613298907925,0.0693630170154251,0.8218873639216426
2022-10-28,2022,TPL,0.1064544018971926,10.65%,✅ buena,1.019568526262068,0.1139739374645996,1.2475164011912672
2022-11-04,2022,HAL,0.0067565586734295,0.68%,✅ buena,1.0084324182419842,0.1126592932384423,1.233751004718869
2022-11-11,2022,BKR,-0.0609284472366377,-6.09%,❌ mala,0.8399987190657323,0.0768284162133148,0.993655551492362
2022-11-18,2022,AMD,0.0213402161388709,2.13%,✅ buena,1.0780922363531062,0.1303426141231285,1.3387774645993633
2022-11-25,2022,AMD,-0.0021293057494605,-0.21%,❌ mala,0.8156725658271626,0.0813813030489243,0.9784351719250112
2022-12-02,2022,TXN,-0.0191374526797034,-1.91%,❌ mala,0.7212673107572969,0.0664838784946391,0.8542350677465753
2022-12-09,2022,FICO,-0.0403282262278509,-4.03%,❌ mala,0.776753142036746,0.0786873897778694,0.9341279215924848
2022-12-16,2022,MPWR,-0.0447374925535561,-4.47%,❌ mala,0.526691588834916,0.0638716899005254,0.6544349686359667
2022-12-23,2022,WDAY,0.0163386932178,1.63%,✅ buena,0.5297168763438563,0.0613849359934385,0.6524867483307335
2022-12-30,2022,HAL,0.0218551164433737,2.19%,✅ buena,0.4973212132450181,0.0685219361544725,0.6343650855539631
2023-01-06,2023,HAL,0.0609301783048745,6.09%,✅ buena,0.504741688059838,0.067431436644922,0.639604561349682
2023-01-13,2023,APA,2.23688413414358e-05,0.00%,✅ buena,0.6192847747557385,0.0563071230395602,0.731899020834859
2023-01-20,2023,CCL,0.0525310219292032,5.25%,✅ buena,0.6800238448386895,0.0630675855142966,0.8061590158672829
2023-01-27,2023,WBD,0.0342052470892784,3.42%,✅ buena,0.6987268758309326,0.0660926144398905,0.8309121047107138
2023-02-03,2023,WBD,-0.077820998918798,-7.78%,❌ mala,0.780606767000615,0.083703454909694,0.9480136768200031
2023-02-10,2023,TSLA,0.0580019208915987,5.80%,✅ buena,0.7672330388548053,0.0820149048047649,0.9312628484643352
2023-02-17,2023,TSLA,-0.0548701109391842,-5.49%,❌ mala,0.6809858162339022,0.0645422718968932,0.8100703600276887
2023-02-24,2023,TSLA,0.0046220458185277,0.46%,✅ buena,0.643220795364052,0.0671104488726998,0.7774416931094517
2023-03-03,2023,FTNT,-0.0341880641985207,-3.42%,❌ mala,0.5252322297487104,0.0589877002779454,0.6432076303046014
2023-03-10,2023,PSX,-0.0642165952410982,-6.42%,❌ mala,0.5602593539419384,0.053530500336113,0.6673203546141645
2023-03-17,2023,WST,0.0138905646563336,1.39%,✅ buena,0.4732268132219441,0.0641986451645129,0.60162410355097
2023-03-24,2023,MSFT,0.027550960190535,2.76%,✅ buena,0.5393167400650779,0.0532699210471987,0.6458565821594754
2023-03-31,2023,MSFT,0.0114465394356981,1.14%,✅ buena,0.6113990295013726,0.0540695979999289,0.7195382255012306
2023-04-07,2023,MSFT,-0.0187242476510858,-1.87%,❌ mala,0.5913438144205607,0.0531573770104363,0.6976585684414334
2023-04-14,2023,AMZN,0.0434103683104831,4.34%,✅ buena,0.6595345444006008,0.0611928433094342,0.7819202310194693
2023-04-21,2023,DVN,-0.0037292506449988,-0.37%,❌ mala,0.6271051168855684,0.0702424318281697,0.767589980541908
2023-04-28,2023,DVN,-0.0574583015687105,-5.75%,❌ mala,0.5482491539128941,0.0571315508654166,0.6625122556437274
2023-05-05,2023,HAS,0.0134150403686188,1.34%,✅ buena,0.4334859664220026,0.0653704309901462,0.5642268284022952
2023-05-12,2023,BLDR,0.0379834397874518,3.80%,✅ buena,0.526732241062956,0.0613083696334644,0.649348980329885
2023-05-19,2023,RCL,-0.0075376322725773,-0.75%,❌ mala,0.4851673461636022,0.0535154735514543,0.5921982932665109
2023-05-26,2023,SMCI,0.0125924347926578,1.26%,✅ buena,0.5461595357752009,0.0603954584254413,0.6669504526260835
2023-06-02,2023,SMCI,0.1789672919877951,17.90%,✅ buena,0.5889027023491842,0.0968066522366878,0.7825160068225598
2023-06-09,2023,AMD,-0.0387447679221455,-3.87%,❌ mala,0.6123581584956286,0.0798602361807359,0.7720786308571004
2023-06-16,2023,SMCI,-0.0637430682253417,-6.37%,❌ mala,0.6467770494152579,0.0938769613131667,0.8345309720415914
2023-06-23,2023,TSLA,0.0201480233327453,2.01%,✅ buena,0.579297300998949,0.063984641546115,0.707266584091179
2023-06-30,2023,NCLH,0.0055121235352098,0.55%,✅ buena,0.5418834893092466,0.0627926757317097,0.6674688407726661
2023-07-07,2023,NCLH,-0.067153922080493,-6.72%,❌ mala,0.5430723120595717,0.0728793426165615,0.6888309972926948
2023-07-14,2023,CCL,0.0377248811349126,3.77%,✅ buena,0.4827873419915991,0.0637119391652107,0.6102112203220205
2023-07-21,2023,SMCI,0.1034141571384699,10.34%,✅ buena,0.5102682497193904,0.0614303837371486,0.6331290171936876
2023-07-28,2023,CFG,-0.0194420295371523,-1.94%,❌ mala,0.5944235954059389,0.0675586480086578,0.7295408914232545
2023-08-04,2023,KEY,-0.0302011731625722,-3.02%,❌ mala,0.5753806631235292,0.0607659247252026,0.6969125125739345
2023-08-11,2023,KEY,-0.0631487951136891,-6.31%,❌ mala,0.5608412308232362,0.0567229395565817,0.6742871099363996
2023-08-18,2023,MPC,-0.0044252757623403,-0.44%,❌ mala,0.5164364514767155,0.0675108381650964,0.6514581278069084
2023-08-25,2023,SMCI,0.111041097219654,11.10%,✅ buena,0.4562018077362602,0.0647572875893259,0.5857163829149121
2023-09-01,2023,SMCI,-0.0053161192457942,-0.53%,❌ mala,0.4475826901694621,0.063147912274092,0.5738785147176463
2023-09-08,2023,SMCI,-0.1118791203361924,-11.19%,❌ mala,0.5028460354162797,0.0543030988309882,0.6114522330782561
2023-09-15,2023,SMCI,-0.0542004252547154,-5.42%,❌ mala,0.5360694993601935,0.0593216619180885,0.6547128231963707
2023-09-22,2023,SMCI,0.1631813360582326,16.32%,✅ buena,0.5250888503793943,0.0585434247158457,0.6421756998110859
2023-09-29,2023,SMCI,0.0563415549224157,5.63%,✅ buena,0.4872187409486027,0.0617848427300886,0.6107884264087801
2023-10-06,2023,SMCI,-0.0154313049604761,-1.54%,❌ mala,0.4877028355024158,0.0663180490699415,0.620338933642299
2023-10-13,2023,SMCI,-0.1284011429646055,-12.84%,❌ mala,0.5298778979571779,0.0599778002321708,0.6498334984215197
2023-10-20,2023,SMCI,-0.0288840782732671,-2.89%,❌ mala,0.5716395074333438,0.0568050175765419,0.6852495425864276
2023-10-27,2023,SMCI,0.0563380548772818,5.63%,✅ buena,0.5414770231811736,0.0527141667033648,0.6469053565879034
2023-11-03,2023,SMCI,0.0432549270929074,4.33%,✅ buena,0.481791055972831,0.0668823059599008,0.6155556678926327
2023-11-10,2023,SMCI,0.0848024116491728,8.48%,✅ buena,0.5500707283558366,0.0533415463481958,0.6567538210522283
2023-11-17,2023,DXCM,0.0760216789057746,7.60%,✅ buena,0.5061431348726767,0.0594895833144604,0.6251223015015976
2023-11-24,2023,LEN,0.0309487817760127,3.09%,✅ buena,0.5556803294767083,0.0785891503456811,0.7128586301680706
2023-12-01,2023,AMD,0.0620314590753594,6.20%,✅ buena,0.5762078110686505,0.0847349922139314,0.7456777954965135
2023-12-08,2023,GM,0.0586664652667909,5.87%,✅ buena,0.5628738095090547,0.0597679719964641,0.6824097535019831
2023-12-15,2023,NCLH,0.0289783956238154,2.90%,✅ buena,0.561115921636115,0.0731074746915085,0.7073308710191321
2023-12-22,2023,BXP,0.003837532928016,0.38%,✅ buena,0.5662173272261886,0.0767130017770241,0.7196433307802369
2023-12-29,2023,BXP,0.0027077879284389,0.27%,✅ buena,0.5644744231438716,0.0755714365993884,0.7156172963426486
2024-01-05,2024,ALB,-0.0720016487897959,-7.20%,❌ mala,0.5215341258644122,0.0633965010516681,0.6483271279677485
2024-01-12,2024,PAYC,-0.0201448502346898,-2.01%,❌ mala,0.5082831663052834,0.0544893087587649,0.6172617838228133
2024-01-19,2024,FTNT,0.0857143036110588,8.57%,✅ buena,0.4690032484628657,0.0585119552177298,0.5860271588983255
2024-01-26,2024,SMCI,0.2224612492254349,22.25%,✅ buena,0.5216986571085347,0.052780487977147,0.6272596330628287
2024-02-02,2024,SMCI,0.2771767805424712,27.72%,✅ buena,0.5255333388545086,0.0602163040437158,0.6459659469419402
2024-02-09,2024,SMCI,0.0851423288302155,8.51%,✅ buena,0.5773227525834425,0.0823159905857752,0.741954733754993
2024-02-16,2024,SMCI,0.0705696194116289,7.06%,✅ buena,0.6464034904591374,0.093514902659879,0.8334332957788955
2024-02-23,2024,SMCI,0.0528714445105946,5.29%,✅ buena,0.6206509756307714,0.0705876781023971,0.7618263318355657
2024-03-01,2024,SMCI,0.2590118371558807,25.90%,✅ buena,0.628106526008716,0.0743104461205645,0.7767274182498449
2024-03-08,2024,SMCI,-0.0624380158956372,-6.24%,❌ mala,0.6115767944773363,0.0683036115676322,0.7481840176126009
2024-03-15,2024,NCLH,0.0670103695861652,6.70%,✅ buena,0.5720501697363368,0.0615786050486665,0.69520737983367
2024-03-22,2024,NCLH,0.0111110885874028,1.11%,✅ buena,0.5641691038733998,0.0590022026208935,0.6821735091151869
2024-03-29,2024,WSM,-0.0255724174297892,-2.56%,❌ mala,0.5501557356978808,0.0645382846947582,0.6792323050873973
2024-04-05,2024,WSM,-0.0664491191898809,-6.64%,❌ mala,0.5211809860524642,0.0663096964666933,0.6538003789858509
2024-04-12,2024,MPC,-0.0593475389275087,-5.93%,❌ mala,0.5156555205312136,0.0797376767638331,0.6751308740588797
2024-04-19,2024,BKR,0.0073618391371959,0.74%,✅ buena,0.4558833069836534,0.0662164425327958,0.5883161920492451
2024-04-26,2024,PSKY,0.0822839079571882,8.23%,✅ buena,0.4216708645973558,0.0654655361695117,0.5526019369363794
2024-05-03,2024,TSLA,-0.0702025556008066,-7.02%,❌ mala,0.4458554267821606,0.0659233748842993,0.5777021765507593
2024-05-10,2024,TSLA,0.0533626487091121,5.34%,✅ buena,0.463996128957322,0.0610261042227271,0.5860483374027763
2024-05-17,2024,GL,-0.0503078185423602,-5.03%,❌ mala,0.4957291734879627,0.0703389472831256,0.636407068054214
2024-05-24,2024,TER,-0.0213180744528648,-2.13%,❌ mala,0.5940863977397887,0.0651986132797722,0.7244836242993331
2024-05-31,2024,FSLR,-0.0162643997236618,-1.63%,❌ mala,0.5642132672363808,0.0742818162377973,0.7127768997119753
2024-06-07,2024,FSLR,0.0234532396931255,2.35%,✅ buena,0.5229608249099758,0.073506643368108,0.6699741116461918
2024-06-14,2024,SMCI,0.071897108781699,7.19%,✅ buena,0.555015505296567,0.0531860842449272,0.6613876737864215
2024-06-21,2024,SMCI,-0.0949009491780488,-9.49%,❌ mala,0.5677501426839395,0.0537315950307031,0.6752133327453459
2024-06-28,2024,SWKS,-0.0095703542354538,-0.96%,❌ mala,0.555721596373346,0.0532615445019076,0.6622446853771613
2024-07-05,2024,TPL,0.0718623473020334,7.19%,✅ buena,0.5560634747735059,0.0609615180987339,0.6779865109709737
2024-07-12,2024,AVGO,-0.0747764039348389,-7.48%,❌ mala,0.568896194630562,0.0596901510452745,0.6882764967211111
2024-07-19,2024,TSLA,-0.0811036544481316,-8.11%,❌ mala,0.5317715677971999,0.0593103441536379,0.6503922561044758
2024-07-26,2024,NVDA,-0.0512117385948474,-5.12%,❌ mala,0.5248816852559032,0.056421030001424,0.6377237452587514
2024-08-02,2024,DHI,-0.0261795724201535,-2.62%,❌ mala,0.5128741579853754,0.0724972045199783,0.657868567025332
2024-08-09,2024,CRL,0.0044782499428659,0.45%,✅ buena,0.5168196962700222,0.072109718825339,0.6610391339207002
2024-08-16,2024,MMM,0.0275480858137942,2.75%,✅ buena,0.4676398421512904,0.0659621030763144,0.5995640483039194
2024-08-23,2024,AXON,-0.0154572721813884,-1.55%,❌ mala,0.5019521635729036,0.0628534285965547,0.6276590207660131
2024-08-30,2024,FTNT,-0.0202059111049712,-2.02%,❌ mala,0.5164740736038065,0.0601933993348077,0.6368608722734219
2024-09-06,2024,LRCX,0.0489078234254647,4.89%,✅ buena,0.5603579493016039,0.0507229570657012,0.6618038634330063
2024-09-13,2024,SMCI,0.0002406506914327,0.02%,✅ buena,0.5021764411781642,0.0573122416222243,0.6168009244226129
2024-09-20,2024,SMCI,-0.0820740934035613,-8.21%,❌ mala,0.5224146427920826,0.0566577626829429,0.6357301681579686
2024-09-27,2024,SMCI,-0.0177252465457421,-1.77%,❌ mala,0.5313517203232094,0.0581853716190795,0.6477224635613685
2024-10-04,2024,MU,0.0468497849503921,4.68%,✅ buena,0.5734556587243086,0.0474259848142468,0.6683076283528022
2024-10-11,2024,LVS,-0.024966760395274,-2.50%,❌ mala,0.5922668794245926,0.0714386740178719,0.7351442274603365
2024-10-18,2024,TPL,0.0372970648973725,3.73%,✅ buena,0.5900672141252147,0.0551201990461173,0.7003076122174494
2024-10-25,2024,TPL,0.0679503245015824,6.80%,✅ buena,0.5473132387305901,0.0543536115635115,0.6560204618576132
2024-11-01,2024,TPL,0.1717860948876464,17.18%,✅ buena,0.536844535084356,0.0598822960434981,0.6566091271713523
2024-11-08,2024,TPL,-0.0102760831097209,-1.03%,❌ mala,0.5556079195931662,0.055390345962499,0.6663886115181644
2024-11-15,2024,TSLA,0.0992766157916666,9.93%,✅ buena,0.6053695379051262,0.0542132854444593,0.7137961087940448
2024-11-22,2024,AXON,0.0157155343021979,1.57%,✅ buena,0.6016893090953288,0.0573508667940555,0.7163910426834399
2024-11-29,2024,SMCI,0.3458946423604374,34.59%,✅ buena,0.6677608746320227,0.0546980971613955,0.7771570689548138
2024-12-06,2024,SMCI,-0.1702708738965122,-17.03%,❌ mala,0.7571903664083625,0.0579568917979152,0.873104150004193
2024-12-13,2024,SMCI,-0.1333333472874154,-13.33%,❌ mala,0.8229801352056325,0.0677741539307046,0.9585284430670418
2024-12-20,2024,SMCI,0.0123456596316757,1.23%,✅ buena,0.8398722351645903,0.0741458128329401,0.9881638608304706
2024-12-27,2024,SMCI,0.0422139558518566,4.22%,✅ buena,0.7162225161118367,0.0689392628009308,0.8541010417136985
2025-01-03,2025,SMCI,-0.0219022897338524,-2.19%,❌ mala,0.6881499807512412,0.0640870908071252,0.8163241623654917
2025-01-10,2025,SMCI,-0.0546011921046528,-5.46%,❌ mala,0.6689393008138491,0.0741028812821691,0.8171450633781874
2025-01-17,2025,SMCI,0.0794938607137916,7.95%,✅ buena,0.6632011960180837,0.0710523875278268,0.8053059710737375
2025-01-24,2025,SMCI,-0.1427712634398708,-14.28%,❌ mala,0.7794617607127705,0.0656873637686197,0.91083648825001
2025-01-31,2025,SMCI,0.2720896983513472,27.21%,✅ buena,0.7678210519733838,0.0624861399199092,0.8927933318132023
2025-02-07,2025,SMCI,0.3205623335012866,32.06%,✅ buena,0.7413669571333676,0.0595122563515455,0.8603914698364586
2025-02-14,2025,SMCI,0.1703193461365222,17.03%,✅ buena,0.81496460834514,0.0652133541889744,0.945391316723089
2025-02-21,2025,SMCI,-0.2605671605113313,-26.06%,❌ mala,0.8566891370152402,0.0711999043465373,0.9990889457083147
2025-02-28,2025,SMCI,-0.0776651586374924,-7.77%,❌ mala,0.8715090567236166,0.0742614002858135,1.0200318572952436
2025-03-07,2025,SMCI,0.1027718702400455,10.28%,✅ buena,0.8286336419126821,0.0715999618602939,0.97183356563327
2025-03-14,2025,SMCI,-0.000474191224441,-0.05%,❌ mala,0.7661781711534992,0.0721913390408572,0.9105608492352136
2025-03-21,2025,SMCI,-0.1871886813456332,-18.72%,❌ mala,0.7815882096402297,0.0866468951339312,0.9548819999080922
2025-03-28,2025,SMCI,-0.1295971641632668,-12.96%,❌ mala,0.7387910609213713,0.0798666364593122,0.8985243338399957
2025-04-04,2025,SMCI,0.1116700826671257,11.17%,✅ buena,0.7897720776403505,0.0872869188898274,0.9643459154200054
2025-04-11,2025,SMCI,-0.0494721333788411,-4.95%,❌ mala,0.7224639091408902,0.112594851598415,0.9476536123377202
2025-04-18,2025,SMCI,0.1574103762549321,15.74%,✅ buena,0.7575941387437697,0.0884025064927932,0.9343991517293562
2025-04-25,2025,SMCI,-0.0756786960199958,-7.57%,❌ mala,0.7276966825936106,0.089364515732992,0.9064257140595946
2025-05-02,2025,SMCI,-0.0510234161989862,-5.10%,❌ mala,0.8292056028547662,0.074126673458469,0.9774589497717044
2025-05-09,2025,SMCI,0.4426383824967999,44.26%,✅ buena,0.8847964463435584,0.0799232590683804,1.0446429644803192
2025-05-16,2025,AVGO,0.0004811675221725,0.05%,✅ buena,0.7046737361093571,0.0616763961874997,0.8280265284843566
2025-05-23,2025,SMCI,-0.0017460637205735,-0.17%,❌ mala,0.8673067863457192,0.083713339183136,1.0347334647119917
2025-05-30,2025,SMCI,0.0382308536180955,3.82%,✅ buena,0.7321052389893016,0.0578742705964518,0.8478537801822053
2025-06-06,2025,SMCI,0.0002407253047924,0.02%,✅ buena,0.7419779400216512,0.0583374715696222,0.8586528831608956
2025-06-13,2025,SMCI,0.0904715639386288,9.05%,✅ buena,0.757077727802838,0.0605526034452375,0.878182934693313
2025-06-20,2025,SMCI,0.0498676555924286,4.99%,✅ buena,0.6675277267743377,0.0598475594410655,0.7872228456564688
2025-06-27,2025,SMCI,0.020596879035778,2.06%,✅ buena,0.7457207370678658,0.0581237739493617,0.8619682849665893
2025-07-04,2025,SMCI,0.0140033007814079,1.40%,✅ buena,0.7787758901373955,0.0616310259583119,0.9020379420540194
2025-07-11,2025,SMCI,0.0513809645218445,5.14%,✅ buena,0.7746345436464066,0.0613381972793439,0.8973109382050946
2025-07-18,2025,SMCI,0.0521537712780635,5.22%,✅ buena,0.7820782391749064,0.0607291271987114,0.9035364935723292
2025-07-25,2025,SMCI,0.0398384086710932,3.98%,✅ buena,0.7599127547892107,0.0562276650023381,0.872368084793887
2025-08-01,2025,SMCI,-0.2125706399235551,-21.26%,❌ mala,0.7082406630319967,0.0469784849849032,0.8021976330018032
2025-08-08,2025,SMCI,0.017264584845456,1.73%,✅ buena,0.681267348358684,0.0545762736885748,0.7904198957358336
2025-08-15,2025,NRG,-0.0237518831074292,-2.38%,❌ mala,0.6671185359358438,0.0466643606962971,0.760447257328438
2025-08-22,2025,UNH,0.007969537503518,0.80%,✅ buena,0.6672316937406151,0.0457707204307601,0.7587731346021354
2025-08-29,2025,UNH,0.0178140668275106,1.78%,✅ buena,0.6461836520542359,0.0472600828889386,0.7407038178321133
2025-09-05,2025,UNH,0.1176953722671116,11.77%,✅ buena,0.7041259705095665,0.0466742439538635,0.7974744584172936
2025-09-12,2025,UNH,-0.0388523609224316,-3.89%,❌ mala,0.6763585062879218,0.0465815773394571,0.7695216609668362
2025-09-19,2025,WBD,0.0093119661606946,0.93%,✅ buena,0.7426114057020481,0.0516884239106191,0.8459882535232863
2025-09-26,2025,WBD,-0.0266530216126744,-2.67%,❌ mala,0.6964366620662734,0.0486817266938361,0.7938001154539458
2025-10-03,2025,WBD,-0.0995260354095913,-9.95%,❌ mala,0.7603692232693021,0.0637508881006688,0.8878709994706399
2025-10-10,2025,WBD,0.063742697559765,6.37%,✅ buena,0.7286407079938994,0.062029409764584,0.8526995275230675
2025-10-17,2025,WBD,0.1627267178431672,16.27%,✅ buena,0.5775881916581722,0.0559103474154407,0.6894088864890537
2025-10-24,2025,CNC,0.0381567140799838,3.82%,✅ buena,0.6147742304112939,0.0488217124115863,0.7124176552344667
2025-10-31,2025,CRL,-0.0667518397487414,-6.68%,❌ mala,0.6553263129929213,0.0633160309695234,0.7819583749319682
2025-11-07,2025,WBD,0.0158800445143365,1.59%,✅ buena,0.6284316793848455,0.0464739052253658,0.7213794898355771
2025-11-14,2025,WBD,0.00607900067192,0.61%,✅ buena,0.6590998816860889,0.0479000173262364,0.7548999163385618
2025-11-21,2025,WBD,0.0358221804476925,3.58%,✅ buena,0.625424434995612,0.0504785360909205,0.7263815071774531
2025-11-28,2025,CNC,-0.0254194203386198,-2.54%,❌ mala,0.5839350036493722,0.0669199254062164,0.7177748544618052
2025-12-05,2025,CNC,0.0654668312870045,6.55%,✅ buena,0.6216891123163815,0.0507322312571998,0.7231535748307811
2025-12-12,2025,WBD,-0.0737157811279873,-7.37%,❌ mala,0.6370489087711452,0.0454130327255209,0.727874974222187
2025-12-19,2025,WBD,0.0370903407388643,3.71%,✅ buena,0.6725477978112069,0.0502504086968973,0.7730486152050017
2025-12-26,2025,WBD,-0.0100694102729534,-1.01%,❌ mala,0.6519130167498514,0.047952021885019,0.7478170605198894
2026-01-02,2026,WBD,0.0133286270682539,1.33%,✅ buena,0.6313245146291085,0.0460087939990371,0.7233421026271829
2026-01-09,2026,WBD,-0.0107303382655472,-1.07%,❌ mala,0.6092563004651199,0.0470538628390591,0.7033640261432382
2026-01-16,2026,WDC,0.0671753572414595,6.72%,✅ buena,0.5899100501781758,0.0471247409135848,0.6841595320053454
2026-01-23,2026,WDC,0.0585472936930291,5.85%,✅ buena,0.6277934682519829,0.0500349701697582,0.7278634085914995
2026-01-30,2026,MU,-0.0486646794345009,-4.87%,❌ mala,0.5968723166882233,0.0543141113168227,0.7055005393218687
2026-02-06,2026,WDC,-0.003538786131096,-0.35%,❌ mala,0.6193446646085777,0.0478854856982012,0.7151156360049802
2026-02-13,2026,WDC,0.0139924546747542,1.40%,✅ buena,0.646519885373391,0.0568852007065421,0.7602902867864754
2026-02-20,2026,WDC,-0.0203838060072654,-2.04%,❌ mala,0.6642340377654709,0.0449769113246017,0.7541878604146743
2026-02-27,2026,TPL,0.0025588169512911,0.26%,✅ buena,0.6197799166632211,0.069062839673356,0.7579055960099332
2026-03-06,2026,TPL,0.0116183365627802,1.16%,✅ buena,0.6173547431069106,0.067841450690792,0.7530376444884948
