date,E,min_deg,max_deg,mean_deg,raw_mean,raw_mean_abs,raw_neg_frac,mu_t,sigma_t,z_mean,z_mean_abs,z_neg_frac,z_min,z_max
2023-01-06,530,8,20,11.041666666666666,0.632623016834259,0.6395999789237976,0.011320754716981131,0.38123210098511673,0.24128020113846152,1.0419044494628906,1.1199508905410767,0.03018867924528302,-2.930104970932007,2.3623852729797363
2023-01-13,530,8,20,11.041666666666666,0.6322065591812134,0.6384177803993225,0.007547169811320755,0.380685472337391,0.23288041235158516,1.0830752849578857,1.144311785697937,0.03773584905660377,-3.0,2.4509084224700928
2023-01-20,524,8,22,10.916666666666666,0.6340733766555786,0.6397311091423035,0.007633587786259542,0.3743303099933899,0.23797658981326747,1.0930618047714233,1.1534985303878784,0.04198473282442748,-3.0,2.4681129455566406
2023-01-27,524,8,20,10.916666666666666,0.6334968209266663,0.6391624212265015,0.007633587786259542,0.3741207564814405,0.2350914023768618,1.1050225496292114,1.1648132801055908,0.04580152671755725,-3.0,2.501627206802368
2023-02-03,518,8,22,10.791666666666666,0.6320279240608215,0.6354871988296509,0.003861003861003861,0.3652858648952667,0.2364814229655391,1.1296570301055908,1.1612160205841064,0.023166023166023165,-3.0,2.452347755432129
2023-02-10,526,8,22,10.958333333333334,0.6246434450149536,0.6336154341697693,0.011406844106463879,0.35960917093496747,0.23870914374675006,1.1130660772323608,1.1852017641067505,0.030418250950570342,-3.0,2.4528703689575195
2023-02-17,522,8,22,10.875,0.6083330512046814,0.6179554462432861,0.011494252873563218,0.3416656847875176,0.24025360236386933,1.1136448383331299,1.1829530000686646,0.02681992337164751,-3.0,2.498941659927368
2023-02-24,522,8,23,10.875,0.586879312992096,0.5999817848205566,0.01532567049808429,0.3146655128150195,0.24579664130944823,1.110209584236145,1.1999390125274658,0.022988505747126436,-3.0,2.548377513885498
2023-03-03,522,8,24,10.875,0.5855205059051514,0.6008015275001526,0.019157088122605363,0.31514893449768633,0.2457754886843286,1.1030266284942627,1.2101807594299316,0.02681992337164751,-3.0,2.542354106903076
2023-03-10,508,8,23,10.583333333333334,0.5683916807174683,0.5888729691505432,0.023622047244094488,0.2885955360521581,0.2511600332484364,1.116822361946106,1.2470412254333496,0.023622047244094488,-3.0,2.560703754425049
2023-03-17,500,8,19,10.416666666666666,0.5489580631256104,0.5762553811073303,0.032,0.26938205010996225,0.2514439478018318,1.1164922714233398,1.2843997478485107,0.032,-3.0,2.6355605125427246
2023-03-24,504,8,19,10.5,0.5460070967674255,0.5744639039039612,0.031746031746031744,0.24425045692942904,0.2633312383394555,1.1497480869293213,1.3090488910675049,0.031746031746031744,-3.0,2.5951192378997803
2023-03-31,498,8,19,10.375,0.5500448942184448,0.57425856590271,0.028112449799196786,0.25058281035230073,0.2578913930610479,1.1620105504989624,1.3089007139205933,0.028112449799196786,-3.0,2.6089842319488525
2023-04-07,510,8,19,10.625,0.562373697757721,0.5790531039237976,0.0196078431372549,0.268094840204151,0.2519885639023552,1.1691055297851562,1.2744603157043457,0.0196078431372549,-3.0,2.6013026237487793
2023-04-14,506,8,18,10.541666666666666,0.5476988554000854,0.5681414008140564,0.023715415019762844,0.23568360198173668,0.2626208485050405,1.1883436441421509,1.3082278966903687,0.023715415019762844,-3.0,2.6029462814331055
2023-04-21,504,8,17,10.5,0.5474026799201965,0.5660474300384521,0.01984126984126984,0.2307708766905453,0.2625581136351345,1.2064744234085083,1.3113144636154175,0.01984126984126984,-3.0,2.4972853660583496
2023-04-28,520,8,20,10.833333333333334,0.5474083423614502,0.5696125030517578,0.023076923076923078,0.24436800488812707,0.2618640882087441,1.1580946445465088,1.2842535972595215,0.023076923076923078,-3.0,2.4632184505462646
2023-05-05,504,8,19,10.5,0.504842221736908,0.5343325734138489,0.031746031746031744,0.21536221391906818,0.24610249786367494,1.1774532794952393,1.35045325756073,0.031746031746031744,-3.0,2.649507999420166
2023-05-12,512,8,19,10.666666666666666,0.5063345432281494,0.5310255289077759,0.02734375,0.2156904817349466,0.24519467627579206,1.1857006549835205,1.3338265419006348,0.02734375,-3.0,2.6767351627349854
2023-05-19,522,8,22,10.875,0.49124595522880554,0.5216463804244995,0.034482758620689655,0.20673746279957564,0.2460764292672087,1.1566225290298462,1.337217092514038,0.034482758620689655,-3.0,2.7085554599761963
2023-05-26,514,8,20,10.708333333333334,0.48353320360183716,0.5293039083480835,0.05058365758754864,0.20435145703879143,0.25360040503900705,1.1013551950454712,1.3623946905136108,0.05058365758754864,-3.0,2.646679639816284
2023-06-02,506,8,18,10.541666666666666,0.4513084292411804,0.531974196434021,0.08300395256916997,0.18085595382197595,0.2673434524963847,1.0124930143356323,1.4247993230819702,0.08300395256916997,-3.0,2.5656917095184326
2023-06-09,504,8,18,10.5,0.4379327595233917,0.5278910994529724,0.09523809523809523,0.17374144179610382,0.2692883098798855,0.982463002204895,1.4366341829299927,0.09523809523809523,-3.0,2.562358856201172
2023-06-16,500,8,19,10.416666666666666,0.4246709644794464,0.5223696231842041,0.108,0.17619148015298183,0.2638512421134957,0.9431518912315369,1.454846978187561,0.108,-3.0,2.6286869049072266
2023-06-23,498,8,18,10.375,0.4245932996273041,0.5183200240135193,0.10843373493975904,0.17722239315725077,0.26225524739839334,0.9444090127944946,1.4460192918777466,0.10843373493975904,-3.0,2.6332802772521973
2023-06-30,480,8,19,10.0,0.4503066837787628,0.5321378707885742,0.0875,0.1838487164632198,0.2656376182473334,1.003986120223999,1.4313639402389526,0.0875,-3.0,2.5891001224517822
2023-07-07,488,8,18,10.166666666666666,0.4434257745742798,0.5255232453346252,0.09016393442622951,0.185373147602592,0.2620606064207484,0.9852511882781982,1.4249955415725708,0.09016393442622951,-3.0,2.6530230045318604
2023-07-14,494,8,18,10.291666666666666,0.47286099195480347,0.5323294997215271,0.06882591093117409,0.19893096375618627,0.25826043769939555,1.060673475265503,1.3969684839248657,0.06882591093117409,-2.8248848915100098,2.6737732887268066
2023-07-21,506,8,19,10.541666666666666,0.4994751513004303,0.537830114364624,0.043478260869565216,0.21568590286047506,0.25370178286515255,1.118593692779541,1.343701720237732,0.043478260869565216,-2.8361027240753174,2.69805908203125
2023-07-28,492,8,20,10.25,0.5110930800437927,0.5452077984809875,0.036585365853658534,0.2170336494690816,0.25722771058307503,1.1431872844696045,1.3375492095947266,0.036585365853658534,-2.875002861022949,2.7000443935394287
2023-08-04,496,8,21,10.333333333333334,0.5118501782417297,0.54061359167099,0.03225806451612903,0.22030439940721439,0.2501480681014448,1.166489601135254,1.3363007307052612,0.03225806451612903,-3.0,2.853904962539673
2023-08-11,492,8,21,10.25,0.5367259383201599,0.5514996647834778,0.016260162601626018,0.2383411627109251,0.24602850658657055,1.2137176990509033,1.303446650505066,0.016260162601626018,-3.0,2.7506344318389893
2023-08-18,486,8,19,10.125,0.503315806388855,0.5381041765213013,0.0411522633744856,0.21026337632665965,0.25386081886386297,1.1547259092330933,1.3592454195022583,0.0411522633744856,-3.0,2.7934463024139404
2023-08-25,486,8,19,10.125,0.5152310132980347,0.5435037016868591,0.03292181069958848,0.2294050495037376,0.24906254385593063,1.148524522781372,1.3208531141281128,0.03292181069958848,-3.0,2.766242265701294
2023-09-01,474,8,18,9.875,0.4777528643608093,0.5273330211639404,0.05907172995780591,0.18971875467314644,0.25986931801017316,1.108380675315857,1.385420560836792,0.05907172995780591,-2.9047605991363525,2.7854979038238525
2023-09-08,488,8,19,10.166666666666666,0.4554322063922882,0.5158740878105164,0.07377049180327869,0.2066423866700164,0.2493023231492821,0.9981627464294434,1.3624639511108398,0.07377049180327869,-3.0,2.8007493019104004
2023-09-15,504,8,19,10.5,0.44960838556289673,0.5155866146087646,0.07936507936507936,0.20534996856200025,0.25296251951540893,0.9655914306640625,1.3552672863006592,0.07936507936507936,-2.9585421085357666,2.7546417713165283
2023-09-22,478,8,14,9.958333333333334,0.40040725469589233,0.49643027782440186,0.11715481171548117,0.16227885646022994,0.25465664734640553,0.9350959062576294,1.4614771604537964,0.11715481171548117,-2.783499002456665,2.860394239425659
2023-09-29,490,8,18,10.208333333333334,0.44048410654067993,0.5025020241737366,0.08163265306122448,0.19246635448483115,0.24463648126290968,1.0141164064407349,1.395485758781433,0.08163265306122448,-3.0,2.8467295169830322
2023-10-06,496,8,16,10.333333333333334,0.44392260909080505,0.5040422677993774,0.08064516129032258,0.19932573332582582,0.24442509321084915,1.0007028579711914,1.3781967163085938,0.08064516129032258,-2.879577875137329,2.8456902503967285
2023-10-13,492,8,18,10.25,0.4604405462741852,0.5122671723365784,0.06504065040650407,0.20222216392663767,0.24922375292557405,1.036090612411499,1.349591851234436,0.06504065040650407,-2.7947189807891846,2.827658176422119
2023-10-20,488,8,20,10.166666666666666,0.4737728536128998,0.5217642784118652,0.06147540983606557,0.20822513305455473,0.2529790371273674,1.0496826171875,1.3405877351760864,0.06147540983606557,-2.7844486236572266,2.8065712451934814
2023-10-27,496,8,19,10.333333333333334,0.4973970949649811,0.5289480090141296,0.04032258064516129,0.23195759710171635,0.24674446727823293,1.075766682624817,1.2794477939605713,0.04032258064516129,-2.9354522228240967,2.6818203926086426
2023-11-03,506,8,21,10.541666666666666,0.49189990758895874,0.5209112167358398,0.039525691699604744,0.23455765896971864,0.24095465841805885,1.0680476427078247,1.2653287649154663,0.039525691699604744,-3.0,2.6388604640960693
2023-11-10,512,8,21,10.666666666666666,0.5346609950065613,0.5502640008926392,0.01953125,0.2844547621326135,0.2337282148720058,1.0717041492462158,1.1841644048690796,0.0234375,-3.0,2.5266854763031006
2023-11-17,508,8,22,10.583333333333334,0.5367519855499268,0.5524468421936035,0.01968503937007874,0.2956223905785824,0.22812279663120863,1.0593491792678833,1.1751670837402344,0.027559055118110236,-3.0,2.4881882667541504
2023-11-24,510,8,21,10.625,0.5311285853385925,0.5470610857009888,0.0196078431372549,0.28999708478551267,0.23028882625173988,1.049401044845581,1.1633331775665283,0.0196078431372549,-3.0,2.6297929286956787
2023-12-01,508,8,22,10.583333333333334,0.5340928435325623,0.5498793125152588,0.01968503937007874,0.2915108406730422,0.22993646041788354,1.0572494268417358,1.171310544013977,0.01968503937007874,-3.0,2.603966236114502
2023-12-08,508,8,23,10.583333333333334,0.5356131792068481,0.5457368493080139,0.011811023622047244,0.2836840979974327,0.22624915395698084,1.1165173053741455,1.1848527193069458,0.011811023622047244,-3.0,2.7033557891845703
2023-12-15,506,8,21,10.541666666666666,0.5276663303375244,0.5410549640655518,0.015810276679841896,0.2767366295267157,0.22579325286994387,1.1140532493591309,1.2066476345062256,0.015810276679841896,-3.0,2.670698642730713
2023-12-22,504,8,20,10.5,0.5175702571868896,0.5330958962440491,0.01984126984126984,0.2665327522329637,0.22769166688168285,1.1031785011291504,1.2165255546569824,0.01984126984126984,-3.0,2.6478161811828613
2023-12-29,506,8,22,10.541666666666666,0.5049911737442017,0.5263094305992126,0.03162055335968379,0.25822931000456734,0.23082381188135884,1.0690488815307617,1.2333388328552246,0.043478260869565216,-2.8651559352874756,2.639559268951416
2024-01-05,512,8,21,10.666666666666666,0.4876042306423187,0.5208314657211304,0.046875,0.24635441240132117,0.2328516180468505,1.0360667705535889,1.2779505252838135,0.046875,-2.9369664192199707,2.639090061187744
2024-01-12,522,8,22,10.875,0.49102115631103516,0.5221495628356934,0.04597701149425287,0.24741048327807594,0.2369548630059559,1.0280890464782715,1.2554690837860107,0.04597701149425287,-2.8771321773529053,2.557276487350464
2024-01-19,522,8,20,10.875,0.4997020661830902,0.5280079245567322,0.038314176245210725,0.24469164202144517,0.23953539997614026,1.0646042823791504,1.2610520124435425,0.038314176245210725,-2.8523097038269043,2.5548064708709717
2024-01-26,522,8,19,10.875,0.48489174246788025,0.5261296033859253,0.05363984674329502,0.22875930960800545,0.24666200728851154,1.0383943319320679,1.305071473121643,0.05363984674329502,-2.8433725833892822,2.5796566009521484
2024-02-02,518,8,21,10.791666666666666,0.4877045154571533,0.5177944898605347,0.04247104247104247,0.23159866030875426,0.23717711413832365,1.0798084735870361,1.2902523279190063,0.04633204633204633,-2.835104465484619,2.6724488735198975
2024-02-09,518,8,26,10.791666666666666,0.44966253638267517,0.4949537515640259,0.06177606177606178,0.20472805663781746,0.2348844427981225,1.0427870750427246,1.3433001041412354,0.06177606177606178,-2.84753680229187,2.7995190620422363
2024-02-16,514,8,23,10.708333333333334,0.45158106088638306,0.49304822087287903,0.054474708171206226,0.200425905370299,0.2350776892950377,1.0683921575546265,1.3376795053482056,0.054474708171206226,-2.9936394691467285,2.8674259185791016
2024-02-23,514,8,19,10.708333333333334,0.44623449444770813,0.4901508390903473,0.058365758754863814,0.1938544287589353,0.2368435348665719,1.0655982494354248,1.3465654850006104,0.058365758754863814,-2.880904197692871,2.7798845767974854
2024-03-01,508,8,20,10.583333333333334,0.4354589283466339,0.48657581210136414,0.07086614173228346,0.19052372997376604,0.23466017575377676,1.0437870025634766,1.376694917678833,0.07086614173228346,-2.782846689224243,2.8036787509918213
2024-03-08,522,8,21,10.875,0.44045424461364746,0.4921860992908478,0.06896551724137931,0.19486071750035924,0.23564286411209506,1.0422277450561523,1.3758224248886108,0.06896551724137931,-2.9943435192108154,2.8802454471588135
2024-03-15,508,8,20,10.583333333333334,0.41396379470825195,0.47572061419487,0.08267716535433071,0.17223420568040815,0.2335987773310738,1.0355254411697388,1.4203765392303467,0.08267716535433071,-3.0,2.9680755138397217
2024-03-22,512,8,21,10.666666666666666,0.3980887830257416,0.46700727939605713,0.09375,0.16121955651007927,0.23447961882820198,1.0106977224349976,1.432506799697876,0.09375,-3.0,3.0
2024-03-29,514,8,21,10.708333333333334,0.40955811738967896,0.47509366273880005,0.08949416342412451,0.16472490150086597,0.2372802601967556,1.0319513082504272,1.4321635961532593,0.08949416342412451,-3.0,2.975630283355713
2024-04-05,510,8,20,10.625,0.4126858413219452,0.479801207780838,0.08627450980392157,0.16405494998613557,0.24047389774013542,1.0339205265045166,1.4307321310043335,0.08627450980392157,-2.9870879650115967,2.9103610515594482
2024-04-12,496,8,18,10.333333333333334,0.3710143268108368,0.4758340120315552,0.12096774193548387,0.13515703311340946,0.25207388163791333,0.9356672167778015,1.481217622756958,0.12096774193548387,-2.927839756011963,2.855330467224121
2024-04-19,474,8,17,9.875,0.3449624478816986,0.4835602343082428,0.15611814345991562,0.12729224983812581,0.2586991060612432,0.8430923819541931,1.5290977954864502,0.15611814345991562,-3.0,2.8425352573394775
2024-04-26,490,8,17,10.208333333333334,0.2786354720592499,0.4710722267627716,0.22857142857142856,0.08133831679736613,0.2665608866972583,0.7401580214500427,1.6015745401382446,0.22857142857142856,-2.4787840843200684,2.8056559562683105
2024-05-03,476,8,18,9.916666666666666,0.3125247657299042,0.468054860830307,0.18487394957983194,0.09390554650489413,0.25796637561232616,0.8474717140197754,1.5849765539169312,0.18487394957983194,-2.673581600189209,2.8600716590881348
2024-05-10,476,8,17,9.916666666666666,0.2989351153373718,0.46372178196907043,0.18907563025210083,0.08702750356972232,0.25652823738377795,0.8260596990585327,1.5967202186584473,0.18907563025210083,-2.6886887550354004,2.997189998626709
2024-05-17,476,8,19,9.916666666666666,0.305804967880249,0.4618143141269684,0.18487394957983194,0.0903579014514079,0.25507703225477324,0.8446352481842041,1.5872305631637573,0.18487394957983194,-2.8735015392303467,2.9258062839508057
2024-05-24,474,8,19,9.875,0.3113012909889221,0.45562073588371277,0.1729957805907173,0.09435237919815326,0.24895791541312567,0.8714280128479004,1.582249402999878,0.1729957805907173,-2.967632532119751,2.973811149597168
2024-05-31,486,8,18,10.125,0.3329211473464966,0.45904290676116943,0.15637860082304528,0.1077494412814127,0.2484696302229112,0.9062343239784241,1.5494565963745117,0.15637860082304528,-2.8325283527374268,2.966172456741333
2024-06-07,490,8,18,10.208333333333334,0.3487115502357483,0.45840367674827576,0.1306122448979592,0.10694521461628714,0.24978246112966862,0.9679076075553894,1.51890230178833,0.1306122448979592,-2.727261781692505,2.962482452392578
2024-06-14,486,8,20,10.125,0.3353652358055115,0.4609675705432892,0.14814814814814814,0.10031605158146582,0.2523207401650333,0.931549072265625,1.5471372604370117,0.14814814814814814,-2.788884401321411,2.9220831394195557
2024-06-21,478,8,17,9.958333333333334,0.32879889011383057,0.4519500732421875,0.14644351464435146,0.09946855488696066,0.24892894140231764,0.9212682247161865,1.5330259799957275,0.14644351464435146,-2.639176845550537,2.9226198196411133
2024-06-28,480,8,17,10.0,0.31215158104896545,0.450345903635025,0.17083333333333334,0.1021299818721837,0.24798444263998334,0.8469144105911255,1.5448967218399048,0.17083333333333334,-2.579474449157715,2.969982385635376
2024-07-05,466,8,13,9.708333333333334,0.3185153603553772,0.44870322942733765,0.15879828326180256,0.10209923927314606,0.24144606011433312,0.8959387540817261,1.5694398880004883,0.15879828326180256,-2.7717883586883545,3.0
2024-07-12,462,8,15,9.625,0.3265925347805023,0.4466964900493622,0.15584415584415584,0.10697510048974294,0.23659114699818307,0.9276995062828064,1.5762733221054077,0.15584415584415584,-2.868847131729126,3.0
2024-07-19,482,8,15,10.041666666666666,0.3419210612773895,0.44874516129493713,0.13692946058091288,0.1027803185438492,0.24418801688358127,0.9789113998413086,1.531646966934204,0.13692946058091288,-2.8085343837738037,3.0
2024-07-26,476,8,16,9.916666666666666,0.3559497892856598,0.47028616070747375,0.13865546218487396,0.10962590976705044,0.25750191869247724,0.9567845463752747,1.518476963043213,0.13865546218487396,-3.0,2.847464084625244
2024-08-02,480,8,15,10.0,0.3418272137641907,0.46279141306877136,0.15,0.10950982003090491,0.2550375050871134,0.9117867946624756,1.5131582021713257,0.15,-3.0,2.884967088699341
2024-08-09,484,8,17,10.083333333333334,0.37460801005363464,0.4725201725959778,0.1115702479338843,0.11902351549201659,0.26029334083880656,0.9826485514640808,1.4593658447265625,0.1115702479338843,-3.0,2.8460421562194824
2024-08-16,490,8,15,10.208333333333334,0.3609791696071625,0.4744974374771118,0.12653061224489795,0.11520348465166282,0.2617295296912808,0.9399120211601257,1.4832885265350342,0.12653061224489795,-3.0,2.8507964611053467
2024-08-23,488,8,16,10.166666666666666,0.3967253863811493,0.48372113704681396,0.0942622950819672,0.136833474859082,0.2568937581167993,1.0121595859527588,1.450243592262268,0.0942622950819672,-3.0,2.8334147930145264
2024-08-30,490,8,17,10.208333333333334,0.397503525018692,0.48928922414779663,0.09795918367346938,0.14254348758995802,0.26018299107542997,0.9802132844924927,1.4397475719451904,0.09795918367346938,-3.0,2.885197877883911
2024-09-06,490,8,16,10.208333333333334,0.396496444940567,0.4910731315612793,0.10204081632653061,0.14578490853748288,0.25803257650879985,0.9721831679344177,1.452905297279358,0.10204081632653061,-3.0,2.8835620880126953
2024-09-13,494,8,18,10.291666666666666,0.43841493129730225,0.5132138729095459,0.08097165991902834,0.18218848469294652,0.2595562423812988,0.9873014092445374,1.3888927698135376,0.08097165991902834,-3.0,2.7314436435699463
2024-09-20,506,8,18,10.541666666666666,0.4509197771549225,0.5198522210121155,0.07509881422924901,0.19496040807210788,0.25994748477375973,0.9848533868789673,1.3624842166900635,0.07905138339920949,-3.0,2.738548517227173
2024-09-27,516,8,20,10.75,0.42716944217681885,0.5152013301849365,0.10077519379844961,0.19061541097994764,0.26623109363453973,0.8885289430618286,1.363493800163269,0.10077519379844961,-2.9751243591308594,2.6875388622283936
2024-10-04,526,8,21,10.958333333333334,0.40066519379615784,0.5066965818405151,0.12167300380228137,0.17201770511493203,0.26752933058304457,0.8546632528305054,1.407467007637024,0.12167300380228137,-2.990178346633911,2.72540283203125
2024-10-11,506,8,19,10.541666666666666,0.39935994148254395,0.4917539656162262,0.11857707509881422,0.1669319078878914,0.25169855555841414,0.9234381914138794,1.4478058815002441,0.11857707509881422,-2.8422820568084717,2.9037652015686035
2024-10-18,514,8,21,10.708333333333334,0.39912745356559753,0.48969346284866333,0.11284046692607004,0.16005149190165838,0.25269892941152666,0.9460901618003845,1.447424292564392,0.11284046692607004,-2.9774880409240723,2.9242639541625977
2024-10-25,512,8,18,10.666666666666666,0.41034844517707825,0.494700163602829,0.10546875,0.1637992102069906,0.25517691967656214,0.9669932126998901,1.4313491582870483,0.10546875,-3.0,2.923064947128296
2024-11-01,510,8,18,10.625,0.41346070170402527,0.5000603795051575,0.10980392156862745,0.16645243293035686,0.2587722153971667,0.9545394778251648,1.4304558038711548,0.10980392156862745,-2.907297372817993,2.8221144676208496
2024-11-08,518,8,17,10.791666666666666,0.3950640559196472,0.4895920157432556,0.1274131274131274,0.16260619734432913,0.2533794837443343,0.9174297451972961,1.4540330171585083,0.1274131274131274,-2.8008179664611816,2.8752033710479736
2024-11-15,528,8,18,11.0,0.3708300292491913,0.48023879528045654,0.14772727272727273,0.15102751055360053,0.25461556843181565,0.8632721304893494,1.4682254791259766,0.14772727272727273,-2.821256160736084,2.887735605239868
2024-11-22,522,8,18,10.875,0.42867860198020935,0.4895162284374237,0.08045977011494253,0.17433156468036856,0.24650269690771257,1.0319201946258545,1.3923333883285522,0.08045977011494253,-3.0,2.987943172454834
2024-11-29,506,8,17,10.541666666666666,0.43370622396469116,0.4854942560195923,0.07114624505928854,0.18477297611136917,0.24017943627298663,1.0365355014801025,1.3609187602996826,0.07114624505928854,-3.0,3.0
2024-12-06,514,8,22,10.708333333333334,0.43426528573036194,0.49217328429222107,0.07392996108949416,0.19303694007237543,0.24611111184849885,0.9801602363586426,1.3314261436462402,0.07392996108949416,-2.9876396656036377,2.950680732727051
2024-12-13,512,8,22,10.666666666666666,0.41585400700569153,0.4957358241081238,0.09765625,0.18470762076928152,0.25225554673406586,0.9163182973861694,1.3760011196136475,0.09765625,-2.9550538063049316,2.89231538772583
2024-12-20,490,8,17,10.208333333333334,0.43594393134117126,0.49356934428215027,0.0653061224489796,0.18118367935144622,0.24807263051919304,1.0272345542907715,1.3543694019317627,0.0653061224489796,-3.0,2.9620208740234375
2024-12-27,496,8,17,10.333333333333334,0.44579392671585083,0.49067986011505127,0.05241935483870968,0.19031021129459652,0.2400275787112741,1.0660425424575806,1.3327558040618896,0.05241935483870968,-3.0,3.0
2025-01-03,510,8,22,10.625,0.4523739814758301,0.49227964878082275,0.047058823529411764,0.19602388624619177,0.2388900725947936,1.0747463703155518,1.3156611919403076,0.047058823529411764,-3.0,3.0
2025-01-10,496,8,21,10.333333333333334,0.45585766434669495,0.49099108576774597,0.04435483870967742,0.1997392601110069,0.2316191104055442,1.1068246364593506,1.3325591087341309,0.04435483870967742,-3.0,3.0
2025-01-17,496,8,18,10.333333333333334,0.4637896716594696,0.4916340112686157,0.036290322580645164,0.2054673161722335,0.2282648056865189,1.1314291954040527,1.3187435865402222,0.036290322580645164,-2.9660918712615967,3.0
2025-01-24,510,8,21,10.625,0.48220527172088623,0.48565366864204407,0.00392156862745098,0.21868329222043112,0.20772094490771165,1.2681283950805664,1.29165780544281,0.00392156862745098,-3.0,3.0
2025-01-31,506,8,19,10.541666666666666,0.4810924232006073,0.48732537031173706,0.007905138339920948,0.22591347309106435,0.20614877339272347,1.2366045713424683,1.28389310836792,0.007905138339920948,-3.0,3.0
2025-02-07,500,8,21,10.416666666666666,0.4620565176010132,0.4763217270374298,0.02,0.19978183108183212,0.21146449152304636,1.2392945289611816,1.3445438146591187,0.02,-2.8780412673950195,3.0
2025-02-14,496,8,21,10.333333333333334,0.43968814611434937,0.46260473132133484,0.03225806451612903,0.18752580078004275,0.21073179258670605,1.1953381299972534,1.361496925354004,0.03225806451612903,-2.9036948680877686,3.0
2025-02-21,494,8,20,10.291666666666666,0.44472554326057434,0.4625304639339447,0.024291497975708502,0.18954145239583536,0.20932139421440565,1.2177314758300781,1.3467838764190674,0.024291497975708502,-2.856090545654297,3.0
2025-02-28,488,8,18,10.166666666666666,0.3825432062149048,0.44470223784446716,0.09016393442622951,0.13769565492163408,0.22194624732746382,1.1016957759857178,1.493634581565857,0.09016393442622951,-2.753746747970581,3.0
2025-03-07,462,8,15,9.625,0.35071513056755066,0.44202205538749695,0.12554112554112554,0.11760504731452569,0.22375343410371584,1.0394319295883179,1.5790239572525024,0.12554112554112554,-3.0,3.0
2025-03-14,470,8,15,9.791666666666666,0.34881943464279175,0.4489167034626007,0.13617021276595745,0.10886058767312477,0.23546268546005394,1.0166901350021362,1.567708969116211,0.13617021276595745,-2.7603535652160645,3.0
2025-03-21,488,8,14,10.166666666666666,0.3707098960876465,0.4501916170120239,0.11065573770491803,0.11991482020491943,0.236376218785298,1.0594865083694458,1.508009910583496,0.11065573770491803,-2.735006332397461,3.0
2025-03-28,488,8,16,10.166666666666666,0.3722686469554901,0.4504225552082062,0.10655737704918032,0.12482136788383434,0.23414969643139336,1.0552728176116943,1.5026583671569824,0.10655737704918032,-2.7559165954589844,3.0
2025-04-04,490,8,15,10.208333333333334,0.37540489435195923,0.45180976390838623,0.10204081632653061,0.1285943538683497,0.23435139547491846,1.0515964031219482,1.489607810974121,0.10204081632653061,-2.6030778884887695,3.0
2025-04-11,508,8,16,10.583333333333334,0.5372493267059326,0.5422700643539429,0.007874015748031496,0.2772018573389493,0.2171560603555724,1.1984165906906128,1.2481797933578491,0.023622047244094488,-3.0,3.0
2025-04-18,520,8,20,10.833333333333334,0.5541926622390747,0.556430995464325,0.0038461538461538464,0.2934802347047406,0.21410661355937163,1.2173503637313843,1.2391693592071533,0.011538461538461539,-2.729828119277954,3.0
2025-04-25,506,8,18,10.541666666666666,0.5610092282295227,0.5610092282295227,0.0,0.28478909907600436,0.2226012470812204,1.240874171257019,1.240874171257019,0.0,0.17505761981010437,2.9652390480041504
2025-05-02,524,8,19,10.916666666666666,0.5573624968528748,0.5690004229545593,0.019083969465648856,0.3005135073937195,0.22810185897129565,1.1260275840759277,1.2308117151260376,0.030534351145038167,-2.7677316665649414,2.8159759044647217
2025-05-09,530,8,19,11.041666666666666,0.5485687851905823,0.5619271993637085,0.022641509433962263,0.2916570692271024,0.23571230837678503,1.089937686920166,1.2063363790512085,0.03773584905660377,-2.678084373474121,2.7705702781677246
2025-05-16,530,8,18,11.041666666666666,0.5555660128593445,0.5687504410743713,0.022641509433962263,0.29198546097425976,0.23843092652478404,1.1054797172546387,1.21900475025177,0.03773584905660377,-2.7086987495422363,2.737138271331787
2025-05-23,534,8,20,11.125,0.5575138330459595,0.5714734792709351,0.02247191011235955,0.29644190049477376,0.24115860132691871,1.0825732946395874,1.2000625133514404,0.03745318352059925,-2.650057077407837,2.6905720233917236
2025-05-30,542,8,21,11.291666666666666,0.5579732656478882,0.5759124159812927,0.02952029520295203,0.304985777540445,0.2423114189063551,1.0440592765808105,1.1928883790969849,0.03690036900369004,-2.6392369270324707,2.6563847064971924
2025-06-06,552,8,21,11.5,0.5664095282554626,0.5840615630149841,0.028985507246376812,0.3102783851567179,0.24507455752496887,1.0451151132583618,1.1946930885314941,0.050724637681159424,-2.6229970455169678,2.612414836883545
2025-06-13,554,8,20,11.541666666666666,0.5538231134414673,0.578952968120575,0.039711191335740074,0.2988620647643285,0.25345958123840023,1.0059239864349365,1.2020632028579712,0.05415162454873646,-2.833662271499634,2.5760507583618164
2025-06-20,560,8,20,11.666666666666666,0.5551779866218567,0.578754723072052,0.039285714285714285,0.2945569581821475,0.2542397976236745,1.0250993967056274,1.210929036140442,0.04642857142857143,-2.851426362991333,2.604975938796997
2025-06-27,558,8,20,11.625,0.5583027601242065,0.5822463631629944,0.03942652329749104,0.2969375763351577,0.2514922766916975,1.0392571687698364,1.2292784452438354,0.043010752688172046,-2.8792526721954346,2.632625102996826
2025-07-04,566,8,22,11.791666666666666,0.5606714487075806,0.5801291465759277,0.03180212014134275,0.29765678494027786,0.2539083082296157,1.0358644723892212,1.1885240077972412,0.0353356890459364,-2.8822715282440186,2.6043193340301514
2025-07-11,554,8,19,11.541666666666666,0.5609728097915649,0.582748532295227,0.036101083032490974,0.29881422142188996,0.25479818387301834,1.0288869142532349,1.200487732887268,0.039711191335740074,-2.862137794494629,2.5863473415374756
2025-07-18,552,8,19,11.5,0.5642019510269165,0.5861567258834839,0.036231884057971016,0.2979931948641127,0.2560965480326682,1.0394859313964844,1.211096167564392,0.03985507246376811,-2.9024174213409424,2.5945017337799072
2025-07-25,556,8,20,11.583333333333334,0.561576247215271,0.5854314565658569,0.039568345323741004,0.30262542389205227,0.25746312855891834,1.0059726238250732,1.1936781406402588,0.050359712230215826,-3.0,2.558737277984619
2025-08-01,558,8,21,11.625,0.567949652671814,0.5882533192634583,0.035842293906810034,0.30790994551668993,0.25734594342285483,1.0104674100875854,1.179077386856079,0.05017921146953405,-2.504866123199463,2.5403881072998047
2025-08-08,548,8,20,11.416666666666666,0.5816978216171265,0.59922856092453,0.029197080291970802,0.323070133753542,0.25351418786499547,1.0201705694198608,1.1709182262420654,0.04744525547445255,-2.92423152923584,2.466209888458252
2025-08-15,548,8,20,11.416666666666666,0.5853413343429565,0.5945647954940796,0.01824817518248175,0.33788407136191995,0.2393839159402994,1.0337257385253906,1.136964201927185,0.0364963503649635,-2.6176774501800537,2.488640546798706
2025-08-22,564,8,23,11.75,0.5945830345153809,0.5966774225234985,0.0035460992907801418,0.34597792547548734,0.23902654834705786,1.040073275566101,1.0804016590118408,0.03546099290780142,-2.682896852493286,2.4423367977142334
2025-08-29,566,8,25,11.791666666666666,0.6064835786819458,0.6101841926574707,0.007067137809187279,0.3618662789461153,0.23833848097350746,1.0263441801071167,1.0850862264633179,0.038869257950530034,-2.6732935905456543,2.3565027713775635
2025-09-05,558,8,25,11.625,0.606089174747467,0.6080969572067261,0.0035842293906810036,0.3607000600086091,0.24004455999634589,1.022264838218689,1.0715667009353638,0.04659498207885305,-2.6694564819335938,2.3239030838012695
2025-09-12,552,8,26,11.5,0.6012871265411377,0.6052893400192261,0.007246376811594203,0.3569852451888689,0.23888235154672907,1.0226869583129883,1.0857067108154297,0.050724637681159424,-2.6821720600128174,2.35209321975708
2025-09-19,558,8,26,11.625,0.5927262306213379,0.5962952375411987,0.007168458781362007,0.35601675378213204,0.23392510557358492,1.011902928352356,1.083858609199524,0.05734767025089606,-2.5924925804138184,2.4150516986846924
2025-09-26,524,8,18,10.916666666666666,0.4201110303401947,0.5045356750488281,0.11450381679389313,0.20615007158374865,0.26065334887820674,0.8208640217781067,1.3258817195892334,0.11450381679389313,-2.667449474334717,2.6188712120056152
2025-10-03,514,8,17,10.708333333333334,0.42884883284568787,0.4892720580101013,0.08560311284046693,0.19878088083189469,0.24289053164924035,0.9472084045410156,1.3360902070999146,0.08560311284046693,-2.58122181892395,2.829606056213379
2025-10-10,516,8,20,10.75,0.4292140603065491,0.49061319231987,0.08139534883720931,0.20136492889263877,0.24393708818677987,0.9347409009933472,1.3194373846054077,0.08139534883720931,-3.0,2.8454389572143555
2025-10-17,516,8,20,10.75,0.4382868707180023,0.4929973781108856,0.06976744186046512,0.20981819389782472,0.24061048657268316,0.9507531523704529,1.2973816394805908,0.06976744186046512,-3.0,2.832083225250244
2025-10-24,516,8,18,10.75,0.449017196893692,0.4870312809944153,0.050387596899224806,0.21624905644444686,0.23091714812752304,1.0091150999069214,1.2659125328063965,0.050387596899224806,-3.0,2.872385025024414
2025-10-31,514,8,17,10.708333333333334,0.4450804889202118,0.4868030250072479,0.054474708171206226,0.21191200045993544,0.2312462775138896,1.0089187622070312,1.287971019744873,0.054474708171206226,-3.0,2.8883326053619385
2025-11-07,498,8,19,10.375,0.4249769151210785,0.46745410561561584,0.05622489959839357,0.19068265747991978,0.22103635568450444,1.061933159828186,1.3458244800567627,0.05622489959839357,-3.0,3.0
2025-11-14,504,8,19,10.5,0.42328402400016785,0.4694765508174896,0.05555555555555555,0.1881050780558217,0.2262226283345484,1.0415397882461548,1.3339149951934814,0.05555555555555555,-3.0,3.0
2025-11-21,512,8,19,10.666666666666666,0.41017967462539673,0.4691278338432312,0.07421875,0.18457774415950437,0.23003546416629603,0.9817107319831848,1.3551039695739746,0.07421875,-3.0,2.9827046394348145
2025-11-28,504,8,19,10.5,0.4294797480106354,0.47592878341674805,0.05952380952380952,0.19108573266248333,0.22890238239580843,1.042133092880249,1.3430992364883423,0.05952380952380952,-3.0,2.9516336917877197
2025-12-05,508,8,19,10.583333333333334,0.44162747263908386,0.4860934913158417,0.05511811023622047,0.2051059847675141,0.22706988666572117,1.0417227745056152,1.336924433708191,0.05511811023622047,-3.0,2.9719033241271973
2025-12-12,492,8,18,10.25,0.43146947026252747,0.4806351065635681,0.06097560975609756,0.19501024323034613,0.22583232460807282,1.046653151512146,1.3693487644195557,0.06097560975609756,-3.0,3.0
2025-12-19,490,8,18,10.208333333333334,0.4251214563846588,0.4658806025981903,0.053061224489795916,0.18243647677748898,0.22183522528629895,1.092964768409729,1.3637139797210693,0.053061224489795916,-3.0,3.0
2025-12-26,486,8,18,10.125,0.4268365204334259,0.46486377716064453,0.04938271604938271,0.17906195448125356,0.2206656078337981,1.1230727434158325,1.374555230140686,0.04938271604938271,-3.0,3.0
